t_ms,angle_deg,v,I_mA,power_mW
12484.0,0.0,5.1,0.3,1.53
12534.0,1.6,5.05,46.5,234.73
12584.0,4.5,5.08,17.8,90.42
12634.0,7.8,5.02,19.3,96.81
12684.0,11.1,5.1,42.1,214.54
12734.0,13.5,5.1,0.5,2.55
12784.0,14.0,5.1,0.1,0.51
12834.0,14.0,5.1,0.3,1.53
12884.0,14.0,5.1,0.4,2.04
12934.0,14.0,5.1,0.4,2.04
12984.0,14.0,5.1,0.6,3.06
13034.0,14.0,5.1,0.2,1.02
13084.0,14.0,5.1,0.3,1.53
13134.0,14.0,5.1,0.4,2.04
13184.0,14.0,5.1,0.5,2.55
13234.0,14.0,5.1,0.2,1.02
13284.0,14.0,5.1,0.4,2.04
13334.0,14.0,5.1,0.3,1.53
13384.0,14.0,5.1,0.1,0.51
13434.0,14.0,5.11,0.5,2.55
13484.0,14.0,5.1,0.6,3.06
13534.0,14.0,5.1,0.5,2.55
13584.0,14.0,5.11,0.4,2.04
13634.0,14.0,5.1,0.4,2.04
13684.0,14.0,5.1,0.7,3.57
13734.0,14.0,5.1,0.2,1.02
13784.0,14.0,5.1,0.4,2.04
13834.0,14.0,5.1,0.3,1.53
13884.0,14.0,5.1,0.2,1.02
13934.0,14.0,5.1,0.5,2.55
13984.0,14.0,5.1,0.8,4.08
14034.0,14.0,5.1,0.3,1.53
14084.0,14.0,5.1,0.4,2.04
14134.0,14.0,5.1,0.4,2.04
14184.0,14.0,5.1,0.7,3.57
14234.0,14.0,5.1,0.0,0.0
14284.0,14.0,5.1,0.5,2.55
14334.0,14.0,5.1,0.3,1.53
14384.0,14.0,5.1,0.1,0.51
14434.0,14.0,5.1,0.4,2.04
14484.0,14.0,5.1,0.4,2.04
14534.0,14.0,5.11,0.3,1.53
14584.0,14.0,5.11,0.3,1.53
14634.0,14.0,5.1,0.3,1.53
14684.0,14.0,5.1,0.4,2.04
14734.0,14.0,5.1,0.2,1.02
14784.0,14.0,5.1,0.3,1.53
14834.0,14.0,5.1,0.5,2.55
14884.0,14.0,5.1,0.3,1.53
14934.0,14.0,5.1,0.3,1.53
14984.0,14.0,5.1,0.5,2.55
15034.0,14.0,5.1,0.4,2.04
15084.0,14.0,5.1,0.2,1.02
15134.0,14.0,5.1,0.3,1.53
15184.0,14.0,5.1,0.1,0.51
15234.0,14.0,5.1,0.2,1.02
15284.0,14.0,5.1,0.4,2.04
15334.0,14.0,5.1,0.1,0.51
15384.0,14.0,5.11,0.0,0.0
15434.0,14.0,5.1,0.3,1.53
15484.0,14.0,5.1,0.3,1.53
15534.0,14.0,5.1,0.2,1.02
15584.0,14.0,5.1,0.6,3.06
15634.0,14.0,5.11,0.5,2.55
15684.0,14.0,5.1,0.2,1.02
15734.0,14.0,5.1,0.6,3.06
15784.0,14.0,5.1,0.3,1.53
15834.0,14.0,5.1,0.4,2.04
15884.0,14.0,5.1,0.5,2.55
15934.0,14.0,5.1,0.4,2.04
15984.0,14.0,5.11,0.3,1.53
16034.0,14.0,5.1,0.6,3.06
16084.0,14.0,5.1,0.5,2.55
16134.0,14.0,5.11,0.4,2.04
16184.0,14.0,5.1,0.6,3.06
16234.0,14.0,5.1,0.5,2.55
16284.0,14.0,5.1,0.3,1.53
16334.0,14.0,5.1,0.1,0.51
16384.0,14.0,5.1,0.3,1.53
16434.0,14.0,5.1,0.3,1.53
16484.0,14.0,5.1,0.3,1.53
16534.0,14.0,5.1,0.4,2.04
16584.0,14.0,5.1,0.3,1.53
16634.0,14.0,5.1,0.0,0.0
16684.0,14.0,5.1,0.2,1.02
16734.0,14.0,5.1,0.5,2.55
16784.0,14.0,5.1,0.2,1.02
16834.0,14.0,5.1,0.2,1.02
16884.0,14.0,5.1,0.5,2.55
16934.0,14.0,5.1,0.5,2.55
16984.0,14.0,5.11,0.5,2.55
17034.0,14.0,5.1,0.4,2.04
17084.0,14.0,5.1,0.0,0.0
17134.0,14.0,5.11,0.3,1.53
17184.0,14.0,5.1,0.5,2.55
17234.0,14.0,5.1,0.2,1.02
17284.0,14.0,5.11,0.3,1.53
17334.0,14.0,5.11,0.8,4.09
17384.0,14.0,5.1,0.5,2.55
17434.0,14.0,5.1,0.1,0.51
17484.0,14.0,5.1,0.5,2.55
17534.0,14.0,5.1,0.5,2.55
17584.0,14.0,5.1,0.3,1.53
17634.0,14.0,5.1,0.2,1.02
17684.0,14.0,5.1,0.6,3.06
17734.0,14.0,5.1,0.2,1.02
17784.0,14.0,5.1,0.1,0.51
17834.0,14.0,5.1,0.5,2.55
17884.0,14.0,5.1,0.3,1.53
17934.0,14.0,5.1,0.5,2.55
17984.0,14.0,5.1,0.5,2.55
18034.0,14.0,5.1,0.4,2.04
18084.0,14.0,5.1,0.2,1.02
18134.0,14.0,5.1,0.1,0.51
18184.0,14.0,5.1,0.5,2.55
18234.0,14.0,5.1,0.5,2.55
18284.0,14.0,5.1,0.4,2.04
18334.0,14.0,5.11,0.2,1.02
18384.0,14.0,5.1,0.4,2.04
18434.0,14.0,5.1,0.5,2.55
18484.0,14.0,5.1,0.2,1.02
18534.0,14.0,5.1,0.4,2.04
18584.0,14.0,5.1,0.3,1.53
18634.0,14.0,5.1,0.4,2.04
18684.0,14.0,5.1,0.2,1.02
18734.0,14.0,5.1,0.2,1.02
18784.0,14.0,5.1,0.6,3.06
18834.0,14.0,5.1,0.1,0.51
18884.0,14.0,5.1,0.5,2.55
18934.0,14.0,5.1,0.4,2.04
18984.0,14.0,5.1,0.3,1.53
19034.0,14.0,5.11,0.2,1.02
19084.0,14.0,5.1,0.5,2.55
19134.0,14.0,5.1,0.1,0.51
19184.0,14.0,5.1,0.3,1.53
19234.0,14.0,5.11,0.2,1.02
19284.0,14.0,5.1,0.5,2.55
19334.0,14.0,5.1,0.3,1.53
19384.0,14.0,5.1,0.5,2.55
19434.0,14.0,5.1,0.6,3.06
19484.0,14.0,5.1,0.2,1.02
19534.0,14.0,5.1,0.6,3.06
19584.0,14.0,5.1,0.4,2.04
19634.0,14.0,5.11,0.2,1.02
19684.0,14.0,5.1,0.4,2.04
19734.0,14.0,5.1,0.5,2.55
19784.0,14.0,5.11,0.3,1.53
19834.0,14.0,5.1,0.5,2.55
19884.0,14.0,5.11,0.7,3.58
19934.0,14.0,5.1,0.8,4.08
19984.0,14.0,5.1,0.4,2.04
20034.0,14.0,5.1,0.5,2.55
20084.0,14.0,5.1,0.3,1.53
20134.0,14.0,5.1,0.3,1.53
20184.0,14.0,5.1,0.5,2.55
20234.0,14.0,5.11,0.6,3.06
20284.0,14.0,5.1,0.7,3.57
20334.0,14.0,5.1,0.4,2.04
20384.0,14.0,5.1,0.3,1.53
20434.0,14.0,5.1,0.3,1.53
20484.0,14.0,5.1,0.4,2.04
20534.0,14.0,5.11,0.1,0.51
20584.0,14.0,5.1,0.3,1.53
20634.0,14.0,5.1,0.3,1.53
20684.0,14.0,5.1,0.4,2.04
20734.0,14.0,5.1,0.2,1.02
20784.0,14.0,5.1,0.4,2.04
20834.0,14.0,5.1,0.3,1.53
20884.0,14.0,5.1,0.3,1.53
20934.0,14.0,5.1,0.6,3.06
20984.0,14.0,5.1,0.4,2.04
21034.0,14.0,5.1,0.3,1.53
21084.0,14.0,5.1,0.6,3.06
21134.0,14.0,5.1,0.7,3.57
21184.0,14.0,5.1,0.2,1.02
21234.0,14.0,5.11,0.1,0.51
21284.0,14.0,5.1,0.6,3.06
21334.0,14.0,5.1,0.4,2.04
21384.0,14.0,5.1,0.0,0.0
21434.0,14.0,5.1,0.4,2.04
21484.0,14.0,5.1,0.7,3.57
21534.0,14.0,5.1,0.0,0.0
21584.0,14.0,5.1,0.7,3.57
21634.0,14.0,5.1,0.3,1.53
21684.0,14.0,5.1,0.1,0.51
21734.0,14.0,5.1,0.6,3.06
21784.0,14.0,5.1,0.3,1.53
21834.0,14.0,5.11,0.5,2.55
21884.0,14.0,5.1,0.3,1.53
21934.0,14.0,5.1,0.2,1.02
21984.0,14.0,5.1,0.2,1.02
22034.0,14.0,5.1,0.3,1.53
22084.0,14.0,5.1,0.4,2.04
22134.0,14.0,5.1,0.3,1.53
22184.0,14.0,5.1,0.5,2.55
22234.0,14.0,5.1,0.4,2.04
22284.0,14.0,5.1,0.3,1.53
22334.0,14.0,5.1,0.3,1.53
22384.0,14.0,5.1,0.6,3.06
22434.0,14.0,5.1,0.1,0.51
22484.0,14.0,5.1,0.5,2.55
22534.0,14.0,5.1,0.4,2.04
22584.0,14.0,5.1,0.1,0.51
22634.0,14.0,5.1,0.2,1.02
22684.0,14.0,5.1,0.5,2.55
22734.0,15.2,5.04,23.1,116.52
22784.0,18.1,5.05,43.1,217.74
22834.0,20.9,5.08,8.7,44.23
22884.0,24.2,5.1,0.4,2.04
22934.0,25.9,5.1,0.5,2.55
22984.0,25.9,5.1,0.6,3.06
23034.0,25.9,5.1,0.3,1.53
23084.0,25.9,5.1,0.6,3.06
23134.0,25.9,5.11,0.4,2.04
23184.0,25.9,5.1,0.7,3.57
23234.0,25.9,5.1,0.4,2.04
23284.0,25.9,5.1,0.2,1.02
23334.0,25.9,5.1,0.6,3.06
23384.0,25.9,5.1,0.2,1.02
23434.0,25.9,5.1,0.5,2.55
23484.0,25.9,5.1,0.6,3.06
23534.0,25.9,5.1,0.3,1.53
23584.0,25.9,5.11,0.5,2.55
23634.0,25.9,5.1,0.4,2.04
23684.0,25.9,5.1,0.5,2.55
23734.0,25.9,5.1,0.4,2.04
23784.0,25.9,5.11,0.8,4.09
23834.0,25.9,5.1,0.7,3.57
23884.0,25.9,5.1,0.2,1.02
23934.0,25.9,5.1,0.5,2.55
23984.0,25.9,5.11,0.5,2.55
24034.0,25.9,5.1,0.7,3.57
24084.0,25.9,5.1,0.3,1.53
24134.0,25.9,5.1,0.1,0.51
24184.0,25.9,5.1,0.3,1.53
24234.0,25.9,5.1,0.5,2.55
24284.0,25.9,5.1,0.3,1.53
24334.0,25.9,5.1,0.5,2.55
24384.0,25.9,5.11,0.3,1.53
24434.0,25.9,5.1,0.5,2.55
24484.0,25.9,5.1,0.4,2.04
24534.0,25.9,5.1,0.3,1.53
24584.0,25.9,5.1,0.3,1.53
24634.0,25.9,5.1,0.5,2.55
24684.0,25.9,5.1,0.4,2.04
24734.0,25.9,5.1,0.7,3.57
24784.0,25.9,5.1,0.5,2.55
24834.0,25.9,5.1,0.7,3.57
24884.0,25.9,5.1,0.5,2.55
24934.0,25.9,5.1,0.3,1.53
24984.0,25.9,5.1,0.2,1.02
25034.0,25.9,5.1,0.0,0.0
25084.0,25.9,5.1,0.4,2.04
25134.0,25.9,5.1,0.2,1.02
25184.0,25.9,5.1,0.5,2.55
25234.0,25.9,5.1,0.5,2.55
25284.0,25.9,5.1,0.6,3.06
25334.0,25.9,5.1,0.6,3.06
25384.0,25.9,5.1,0.4,2.04
25434.0,25.9,5.1,0.4,2.04
25484.0,25.9,5.1,0.5,2.55
25534.0,25.9,5.1,0.5,2.55
25584.0,25.9,5.1,0.1,0.51
25634.0,25.9,5.1,0.5,2.55
25684.0,25.9,5.1,0.3,1.53
25734.0,25.9,5.1,0.2,1.02
25784.0,25.9,5.11,0.7,3.58
25834.0,25.9,5.1,0.3,1.53
25884.0,25.9,5.1,0.3,1.53
25934.0,25.9,5.1,0.3,1.53
25984.0,25.9,5.1,0.6,3.06
26034.0,25.9,5.1,0.2,1.02
26084.0,25.9,5.1,0.5,2.55
26134.0,25.9,5.1,0.8,4.08
26184.0,25.9,5.1,0.2,1.02
26234.0,25.9,5.1,0.6,3.06
26284.0,25.9,5.1,0.0,0.0
26334.0,25.9,5.1,0.2,1.02
26384.0,25.9,5.1,0.4,2.04
26434.0,25.9,5.1,0.3,1.53
26484.0,25.9,5.11,0.2,1.02
26534.0,25.9,5.1,0.4,2.04
26584.0,25.9,5.1,0.5,2.55
26634.0,25.9,5.11,0.1,0.51
26684.0,25.9,5.1,0.6,3.06
26734.0,25.9,5.1,0.3,1.53
26784.0,25.9,5.1,0.5,2.55
26834.0,25.9,5.1,0.2,1.02
26884.0,25.9,5.1,0.3,1.53
26934.0,25.9,5.1,0.3,1.53
26984.0,25.9,5.1,0.3,1.53
27034.0,25.9,5.1,0.5,2.55
27084.0,25.9,5.1,0.3,1.53
27134.0,25.9,5.1,0.5,2.55
27184.0,25.9,5.1,0.1,0.51
27234.0,25.9,5.1,0.3,1.53
27284.0,25.9,5.1,0.5,2.55
27334.0,25.9,5.1,0.6,3.06
27384.0,25.9,5.1,0.4,2.04
27434.0,25.9,5.1,0.6,3.06
27484.0,25.9,5.1,0.2,1.02
27534.0,25.9,5.1,0.3,1.53
27584.0,25.9,5.1,0.5,2.55
27634.0,25.9,5.11,0.6,3.06
27684.0,25.9,5.1,0.4,2.04
27734.0,25.9,5.1,0.1,0.51
27784.0,25.9,5.1,0.3,1.53
27834.0,25.9,5.1,0.4,2.04
27884.0,25.9,5.1,0.7,3.57
27934.0,25.9,5.1,0.6,3.06
27984.0,25.9,5.1,0.4,2.04
28034.0,25.9,5.1,0.6,3.06
28084.0,25.9,5.1,0.3,1.53
28134.0,25.9,5.1,0.4,2.04
28184.0,25.9,5.1,0.3,1.53
28234.0,25.9,5.1,0.4,2.04
28284.0,25.9,5.1,0.4,2.04
28334.0,25.9,5.1,0.5,2.55
28384.0,25.9,5.1,0.2,1.02
28434.0,25.9,5.1,0.2,1.02
28484.0,25.9,5.1,0.7,3.57
28534.0,25.9,5.1,0.4,2.04
28584.0,25.9,5.1,0.5,2.55
28634.0,25.9,5.1,0.7,3.57
28684.0,25.9,5.1,0.3,1.53
28734.0,25.9,5.1,0.6,3.06
28784.0,25.9,5.1,0.4,2.04
28834.0,25.9,5.1,0.2,1.02
28884.0,25.9,5.1,0.4,2.04
28934.0,25.9,5.1,0.3,1.53
28984.0,25.9,5.1,0.5,2.55
29034.0,25.9,5.11,0.5,2.55
29084.0,25.9,5.1,0.3,1.53
29134.0,25.9,5.1,0.1,0.51
29184.0,25.9,5.1,0.5,2.55
29234.0,25.9,5.1,0.5,2.55
29284.0,25.9,5.1,0.3,1.53
29334.0,25.9,5.1,0.5,2.55
29384.0,25.9,5.11,0.5,2.55
29434.0,25.9,5.1,0.6,3.06
29484.0,25.9,5.1,0.2,1.02
29534.0,25.9,5.1,0.1,0.51
29584.0,25.9,5.1,0.3,1.53
29634.0,25.9,5.1,0.5,2.55
29684.0,25.9,5.1,0.3,1.53
29734.0,25.9,5.1,0.4,2.04
29784.0,25.9,5.1,0.6,3.06
29834.0,25.9,5.1,0.5,2.55
29884.0,25.9,5.1,0.3,1.53
29934.0,25.9,5.1,0.7,3.57
29984.0,25.9,5.11,0.5,2.55
30034.0,25.9,5.1,0.4,2.04
30084.0,25.9,5.1,0.2,1.02
30134.0,25.9,5.1,0.2,1.02
30184.0,25.9,5.1,0.5,2.55
30234.0,25.9,5.1,0.5,2.55
30284.0,25.9,5.1,0.2,1.02
30334.0,25.9,5.1,0.4,2.04
30384.0,25.9,5.1,0.6,3.06
30434.0,25.9,5.1,0.5,2.55
30484.0,25.9,5.1,0.2,1.02
30534.0,25.9,5.1,0.5,2.55
30584.0,25.9,5.1,0.4,2.04
30634.0,25.9,5.1,0.3,1.53
30684.0,25.9,5.11,0.2,1.02
30734.0,25.9,5.1,0.4,2.04
30784.0,25.9,5.1,0.5,2.55
30834.0,25.9,5.1,0.3,1.53
30884.0,25.9,5.1,0.3,1.53
30934.0,25.9,5.1,0.4,2.04
30984.0,25.9,5.1,0.2,1.02
31034.0,25.9,5.1,0.2,1.02
31084.0,25.9,5.1,0.5,2.55
31134.0,25.9,5.1,0.4,2.04
31184.0,25.9,5.1,0.4,2.04
31234.0,25.9,5.1,0.2,1.02
31284.0,25.9,5.1,0.3,1.53
31334.0,25.9,5.1,0.1,0.51
31384.0,25.9,5.1,0.6,3.06
31434.0,25.9,5.1,0.3,1.53
31484.0,25.9,5.1,0.2,1.02
31534.0,25.9,5.1,0.4,2.04
31584.0,25.9,5.1,0.6,3.06
31634.0,25.9,5.1,0.3,1.53
31684.0,25.9,5.1,0.3,1.53
31734.0,25.9,5.1,0.3,1.53
31784.0,25.9,5.1,0.4,2.04
31834.0,25.9,5.1,0.4,2.04
31884.0,25.9,5.1,0.5,2.55
31934.0,25.9,5.1,0.4,2.04
31984.0,25.9,5.1,0.6,3.06
32034.0,25.9,5.1,0.3,1.53
32084.0,25.9,5.1,0.3,1.53
32134.0,25.9,5.1,0.3,1.53
32184.0,25.9,5.1,0.2,1.02
32234.0,25.9,5.1,0.5,2.55
32284.0,25.9,5.1,0.4,2.04
32334.0,25.9,5.1,0.2,1.02
32384.0,25.9,5.1,0.8,4.08
32434.0,25.9,5.1,0.4,2.04
32484.0,25.9,5.11,0.5,2.55
32534.0,25.9,5.1,0.4,2.04
32584.0,25.9,5.1,0.4,2.04
32634.0,25.9,5.1,0.2,1.02
32684.0,25.9,5.1,0.6,3.06
32734.0,25.9,5.1,0.5,2.55
32784.0,25.9,5.1,0.4,2.04
32834.0,25.9,5.11,0.2,1.02
32884.0,25.9,5.0,56.8,284.0
32934.0,28.3,5.08,25.0,127.0
32984.0,31.2,5.02,17.0,85.27
33034.0,34.1,5.09,46.8,238.12
33084.0,36.9,5.1,0.5,2.55
33134.0,38.2,5.1,0.6,3.06
33184.0,38.2,5.1,0.3,1.53
33234.0,38.2,5.1,0.4,2.04
33284.0,38.2,5.1,0.5,2.55
33334.0,38.2,5.1,0.1,0.51
33384.0,38.2,5.1,0.6,3.06
33434.0,38.2,5.1,0.4,2.04
33484.0,38.2,5.1,0.3,1.53
33534.0,38.2,5.1,0.5,2.55
33584.0,38.2,5.1,0.3,1.53
33634.0,38.2,5.1,0.2,1.02
33684.0,38.2,5.1,0.6,3.06
33734.0,38.2,5.1,0.4,2.04
33784.0,38.2,5.1,0.0,0.0
33834.0,38.2,5.1,0.2,1.02
33884.0,38.2,5.1,0.4,2.04
33934.0,38.2,5.1,0.3,1.53
33984.0,38.2,5.1,0.5,2.55
34034.0,38.2,5.1,0.4,2.04
34084.0,38.2,5.1,0.4,2.04
34134.0,38.2,5.1,0.7,3.57
34184.0,38.2,5.1,0.6,3.06
34234.0,38.2,5.1,0.5,2.55
34284.0,38.2,5.1,0.2,1.02
34334.0,38.2,5.1,0.6,3.06
34384.0,38.2,5.1,0.3,1.53
34434.0,38.2,5.1,0.4,2.04
34484.0,38.2,5.1,0.6,3.06
34534.0,38.2,5.1,0.4,2.04
34584.0,38.2,5.1,0.2,1.02
34634.0,38.2,5.11,0.1,0.51
34684.0,38.2,5.1,0.0,0.0
34734.0,38.2,5.1,0.2,1.02
34784.0,38.2,5.1,0.7,3.57
34834.0,38.2,5.1,0.7,3.57
34884.0,38.2,5.11,0.2,1.02
34934.0,38.2,5.1,0.5,2.55
34984.0,38.2,5.1,0.5,2.55
35034.0,38.2,5.1,0.3,1.53
35084.0,38.2,5.1,0.3,1.53
35134.0,38.2,5.1,0.4,2.04
35184.0,38.2,5.1,0.3,1.53
35234.0,38.2,5.1,0.3,1.53
35284.0,38.2,5.1,0.3,1.53
35334.0,38.2,5.1,0.2,1.02
35384.0,38.2,5.1,0.7,3.57
35434.0,38.2,5.1,0.5,2.55
35484.0,38.2,5.1,0.2,1.02
35534.0,38.2,5.1,0.6,3.06
35584.0,38.2,5.1,0.7,3.57
35634.0,38.2,5.1,0.4,2.04
35684.0,38.2,5.1,0.4,2.04
35734.0,38.2,5.1,0.3,1.53
35784.0,38.2,5.1,0.1,0.51
35834.0,38.2,5.11,0.6,3.06
35884.0,38.2,5.1,0.6,3.06
35934.0,38.2,5.1,0.5,2.55
35984.0,38.2,5.1,0.5,2.55
36034.0,38.2,5.1,0.4,2.04
36084.0,38.2,5.1,0.4,2.04
36134.0,38.2,5.1,0.3,1.53
36184.0,38.2,5.1,0.3,1.53
36234.0,38.2,5.1,0.5,2.55
36284.0,38.2,5.1,0.3,1.53
36334.0,38.2,5.1,0.6,3.06
36384.0,38.2,5.1,0.2,1.02
36434.0,38.2,5.11,0.2,1.02
36484.0,38.2,5.1,0.5,2.55
36534.0,38.2,5.1,0.3,1.53
36584.0,38.2,5.1,0.4,2.04
36634.0,38.2,5.1,0.5,2.55
36684.0,38.2,5.1,0.2,1.02
36734.0,38.2,5.1,0.4,2.04
36784.0,38.2,5.11,0.4,2.04
36834.0,38.2,5.1,0.6,3.06
36884.0,38.2,5.1,0.6,3.06
36934.0,38.2,5.1,0.6,3.06
36984.0,38.2,5.1,0.4,2.04
37034.0,38.2,5.1,0.1,0.51
37084.0,38.2,5.1,0.6,3.06
37134.0,38.2,5.1,0.4,2.04
37184.0,38.2,5.1,0.1,0.51
37234.0,38.2,5.1,0.6,3.06
37284.0,38.2,5.1,0.3,1.53
37334.0,38.2,5.1,0.3,1.53
37384.0,38.2,5.1,0.4,2.04
37434.0,38.2,5.1,0.2,1.02
37484.0,38.2,5.1,0.2,1.02
37534.0,38.2,5.1,0.5,2.55
37584.0,38.2,5.1,0.6,3.06
37634.0,38.2,5.1,0.3,1.53
37684.0,38.2,5.1,0.3,1.53
37734.0,38.2,5.1,0.4,2.04
37784.0,38.2,5.1,0.5,2.55
37834.0,38.2,5.1,0.4,2.04
37884.0,38.2,5.1,0.6,3.06
37934.0,38.2,5.1,0.3,1.53
37984.0,38.2,5.1,0.5,2.55
38034.0,38.2,5.1,0.4,2.04
38084.0,38.2,5.1,0.5,2.55
38134.0,38.2,5.1,0.3,1.53
38184.0,38.2,5.1,0.6,3.06
38234.0,38.2,5.1,0.1,0.51
38284.0,38.2,5.1,0.5,2.55
38334.0,38.2,5.1,0.4,2.04
38384.0,38.2,5.11,0.4,2.04
38434.0,38.2,5.1,0.6,3.06
38484.0,38.2,5.11,0.5,2.55
38534.0,38.2,5.1,0.4,2.04
38584.0,38.2,5.1,0.3,1.53
38634.0,38.2,5.1,0.3,1.53
38684.0,38.2,5.1,0.4,2.04
38734.0,38.2,5.1,0.2,1.02
38784.0,38.2,5.1,0.5,2.55
38834.0,38.2,5.1,0.1,0.51
38884.0,38.2,5.1,0.5,2.55
38934.0,38.2,5.11,0.0,0.0
38984.0,38.2,5.1,0.4,2.04
39034.0,38.2,5.1,0.3,1.53
39084.0,38.2,5.1,0.2,1.02
39134.0,38.2,5.1,0.6,3.06
39184.0,38.2,5.1,0.4,2.04
39234.0,38.2,5.1,0.6,3.06
39284.0,38.2,5.11,0.5,2.55
39334.0,38.2,5.1,0.5,2.55
39384.0,38.2,5.1,0.2,1.02
39434.0,38.2,5.11,0.3,1.53
39484.0,38.2,5.1,0.5,2.55
39534.0,38.2,5.1,0.4,2.04
39584.0,38.2,5.1,0.5,2.55
39634.0,38.2,5.1,0.4,2.04
39684.0,38.2,5.1,0.5,2.55
39734.0,38.2,5.1,0.3,1.53
39784.0,38.2,5.1,0.4,2.04
39834.0,38.2,5.1,0.3,1.53
39884.0,38.2,5.1,0.4,2.04
39934.0,38.2,5.1,0.3,1.53
39984.0,38.2,5.1,0.2,1.02
40034.0,38.2,5.1,0.2,1.02
40084.0,38.2,5.1,0.8,4.08
40134.0,38.2,5.1,0.3,1.53
40184.0,38.2,5.1,0.5,2.55
40234.0,38.2,5.1,0.8,4.08
40284.0,38.2,5.1,0.4,2.04
40334.0,38.2,5.1,0.3,1.53
40384.0,38.2,5.1,0.3,1.53
40434.0,38.2,5.1,0.3,1.53
40484.0,38.2,5.1,0.5,2.55
40534.0,38.2,5.1,0.5,2.55
40584.0,38.2,5.1,0.3,1.53
40634.0,38.2,5.1,0.6,3.06
40684.0,38.2,5.1,0.3,1.53
40734.0,38.2,5.1,0.2,1.02
40784.0,38.2,5.1,0.4,2.04
40834.0,38.2,5.1,0.5,2.55
40884.0,38.2,5.1,0.2,1.02
40934.0,38.2,5.1,0.5,2.55
40984.0,38.2,5.1,0.5,2.55
41034.0,38.2,5.1,0.3,1.53
41084.0,38.2,5.1,0.4,2.04
41134.0,38.2,5.1,0.3,1.53
41184.0,38.2,5.11,0.3,1.53
41234.0,38.2,5.1,0.3,1.53
41284.0,38.2,5.1,0.5,2.55
41334.0,38.2,5.1,0.3,1.53
41384.0,38.2,5.1,0.4,2.04
41434.0,38.2,5.1,0.5,2.55
41484.0,38.2,5.1,0.3,1.53
41534.0,38.2,5.1,0.3,1.53
41584.0,38.2,5.1,0.3,1.53
41634.0,38.2,5.1,0.4,2.04
41684.0,38.2,5.1,0.4,2.04
41734.0,38.2,5.1,0.4,2.04
41784.0,38.2,5.1,0.1,0.51
41834.0,38.2,5.1,0.1,0.51
41884.0,38.2,5.11,0.4,2.04
41934.0,38.2,5.1,0.5,2.55
41984.0,38.2,5.1,0.3,1.53
42034.0,38.2,5.1,0.1,0.51
42084.0,38.2,5.1,0.3,1.53
42134.0,38.2,5.1,0.8,4.08
42184.0,38.2,5.1,0.4,2.04
42234.0,38.2,5.1,0.3,1.53
42284.0,38.2,5.1,0.3,1.53
42334.0,38.2,5.1,0.7,3.57
42384.0,38.2,5.1,0.1,0.51
42434.0,38.2,5.1,0.5,2.55
42484.0,38.2,5.1,0.0,0.0
42534.0,38.2,5.1,0.4,2.04
42584.0,38.2,5.1,0.5,2.55
42634.0,38.2,5.1,0.3,1.53
42684.0,38.2,5.1,0.3,1.53
42734.0,38.2,5.1,0.7,3.57
42784.0,38.2,5.1,0.3,1.53
42834.0,38.2,5.1,0.3,1.53
42884.0,38.2,5.1,0.4,2.04
42934.0,38.2,5.11,0.3,1.53
42984.0,38.2,5.1,0.4,2.04
43034.0,38.2,5.1,0.7,3.57
43084.0,38.6,5.06,19.8,100.27
43134.0,41.5,5.02,28.3,142.07
43184.0,44.3,5.09,35.5,180.77
43234.0,47.6,5.02,12.5,62.75
43284.0,49.7,5.1,0.4,2.04
43334.0,50.1,5.1,0.4,2.04
43384.0,50.1,5.1,0.4,2.04
43434.0,50.1,5.1,0.5,2.55
43484.0,50.1,5.1,0.4,2.04
43534.0,50.1,5.1,0.5,2.55
43584.0,50.1,5.1,0.3,1.53
43634.0,50.1,5.1,0.2,1.02
43684.0,50.1,5.1,0.7,3.57
43734.0,50.1,5.1,0.2,1.02
43784.0,50.1,5.1,0.4,2.04
43834.0,50.1,5.1,0.5,2.55
43884.0,50.1,5.1,0.2,1.02
43934.0,50.1,5.1,0.4,2.04
43984.0,50.1,5.1,0.4,2.04
44034.0,50.1,5.1,0.4,2.04
44084.0,50.1,5.1,0.3,1.53
44134.0,50.1,5.1,0.4,2.04
44184.0,50.1,5.1,0.7,3.57
44234.0,50.1,5.1,0.3,1.53
44284.0,50.1,5.1,0.3,1.53
44334.0,50.1,5.1,0.7,3.57
44384.0,50.1,5.1,0.6,3.06
44434.0,50.1,5.11,0.3,1.53
44484.0,50.1,5.1,0.4,2.04
44534.0,50.1,5.1,0.6,3.06
44584.0,50.1,5.1,0.4,2.04
44634.0,50.1,5.1,0.3,1.53
44684.0,50.1,5.1,0.7,3.57
44734.0,50.1,5.1,0.6,3.06
44784.0,50.1,5.1,0.3,1.53
44834.0,50.1,5.1,0.6,3.06
44884.0,50.1,5.1,0.5,2.55
44934.0,50.1,5.1,0.2,1.02
44984.0,50.1,5.1,0.3,1.53
45034.0,50.1,5.1,0.6,3.06
45084.0,50.1,5.1,0.2,1.02
45134.0,50.1,5.1,0.2,1.02
45184.0,50.1,5.1,0.4,2.04
45234.0,50.1,5.11,0.6,3.06
45284.0,50.1,5.1,0.3,1.53
45334.0,50.1,5.1,0.6,3.06
45384.0,50.1,5.1,0.5,2.55
45434.0,50.1,5.1,0.2,1.02
45484.0,50.1,5.1,0.5,2.55
45534.0,50.1,5.11,0.5,2.55
45584.0,50.1,5.1,0.2,1.02
45634.0,50.1,5.1,0.3,1.53
45684.0,50.1,5.1,0.2,1.02
45734.0,50.1,5.1,0.3,1.53
45784.0,50.1,5.1,0.0,0.0
45834.0,50.1,5.1,0.2,1.02
45884.0,50.1,5.1,0.7,3.57
45934.0,50.1,5.1,0.3,1.53
45984.0,50.1,5.1,0.2,1.02
46034.0,50.1,5.1,0.4,2.04
46084.0,50.1,5.11,0.5,2.55
46134.0,50.1,5.1,0.2,1.02
46184.0,50.1,5.1,0.5,2.55
46234.0,50.1,5.1,0.7,3.57
46284.0,50.1,5.1,0.1,0.51
46334.0,50.1,5.1,0.3,1.53
46384.0,50.1,5.1,0.2,1.02
46434.0,50.1,5.1,0.1,0.51
46484.0,50.1,5.1,0.6,3.06
46534.0,50.1,5.1,0.4,2.04
46584.0,50.1,5.1,0.1,0.51
46634.0,50.1,5.1,0.3,1.53
46684.0,50.1,5.1,0.3,1.53
46734.0,50.1,5.1,0.5,2.55
46784.0,50.1,5.1,0.2,1.02
46834.0,50.1,5.11,0.2,1.02
46884.0,50.1,5.1,0.3,1.53
46934.0,50.1,5.1,0.4,2.04
46984.0,50.1,5.1,0.6,3.06
47034.0,50.1,5.1,0.4,2.04
47084.0,50.1,5.1,0.5,2.55
47134.0,50.1,5.1,0.3,1.53
47184.0,50.1,5.1,0.2,1.02
47234.0,50.1,5.1,0.3,1.53
47284.0,50.1,5.1,0.5,2.55
47334.0,50.1,5.1,0.4,2.04
47384.0,50.1,5.1,0.2,1.02
47434.0,50.1,5.1,0.3,1.53
47484.0,50.1,5.1,0.1,0.51
47534.0,50.1,5.1,0.5,2.55
47584.0,50.1,5.1,0.2,1.02
47634.0,50.1,5.1,0.2,1.02
47684.0,50.1,5.1,0.3,1.53
47734.0,50.1,5.1,0.5,2.55
47784.0,50.1,5.1,0.3,1.53
47834.0,50.1,5.1,0.6,3.06
47884.0,50.1,5.1,0.3,1.53
47934.0,50.1,5.1,0.3,1.53
47984.0,50.1,5.1,0.4,2.04
48034.0,50.1,5.1,0.6,3.06
48084.0,50.1,5.1,0.3,1.53
48134.0,50.1,5.1,0.4,2.04
48184.0,50.1,5.1,0.5,2.55
48234.0,50.1,5.1,0.3,1.53
48284.0,50.1,5.1,0.3,1.53
48334.0,50.1,5.1,0.1,0.51
48384.0,50.1,5.1,0.5,2.55
48434.0,50.1,5.1,0.6,3.06
48484.0,50.1,5.1,0.3,1.53
48534.0,50.1,5.1,0.3,1.53
48584.0,50.1,5.1,0.1,0.51
48634.0,50.1,5.1,0.7,3.57
48684.0,50.1,5.1,0.7,3.57
48734.0,50.1,5.1,0.1,0.51
48784.0,50.1,5.1,0.3,1.53
48834.0,50.1,5.1,0.5,2.55
48884.0,50.1,5.1,0.4,2.04
48934.0,50.1,5.1,0.3,1.53
48984.0,50.1,5.1,0.7,3.57
49034.0,50.1,5.1,0.2,1.02
49084.0,50.1,5.1,0.5,2.55
49134.0,50.1,5.11,0.5,2.55
49184.0,50.1,5.1,0.4,2.04
49234.0,50.1,5.1,0.2,1.02
49284.0,50.1,5.11,0.1,0.51
49334.0,50.1,5.1,0.5,2.55
49384.0,50.1,5.1,0.2,1.02
49434.0,50.1,5.1,0.3,1.53
49484.0,50.1,5.1,0.7,3.57
49534.0,50.1,5.1,0.5,2.55
49584.0,50.1,5.1,0.4,2.04
49634.0,50.1,5.1,0.0,0.0
49684.0,50.1,5.1,0.6,3.06
49734.0,50.1,5.1,0.3,1.53
49784.0,50.1,5.1,0.5,2.55
49834.0,50.1,5.1,0.2,1.02
49884.0,50.1,5.1,0.3,1.53
49934.0,50.1,5.1,0.3,1.53
49984.0,50.1,5.1,0.4,2.04
50034.0,50.1,5.1,0.2,1.02
50084.0,50.1,5.1,0.2,1.02
50134.0,50.1,5.1,0.4,2.04
50184.0,50.1,5.11,0.4,2.04
50234.0,50.1,5.1,0.4,2.04
50284.0,50.1,5.1,0.6,3.06
50334.0,50.1,5.1,0.3,1.53
50384.0,50.1,5.1,0.3,1.53
50434.0,50.1,5.1,0.5,2.55
50484.0,50.1,5.1,0.4,2.04
50534.0,50.1,5.1,0.3,1.53
50584.0,50.1,5.1,0.6,3.06
50634.0,50.1,5.1,0.7,3.57
50684.0,50.1,5.1,0.2,1.02
50734.0,50.1,5.1,0.2,1.02
50784.0,50.1,5.1,0.5,2.55
50834.0,50.1,5.1,0.1,0.51
50884.0,50.1,5.1,0.3,1.53
50934.0,50.1,5.1,0.5,2.55
50984.0,50.1,5.1,0.6,3.06
51034.0,50.1,5.1,0.5,2.55
51084.0,50.1,5.1,0.2,1.02
51134.0,50.1,5.1,0.2,1.02
51184.0,50.1,5.1,0.2,1.02
51234.0,50.1,5.1,0.2,1.02
51284.0,50.1,5.1,0.6,3.06
51334.0,50.1,5.1,0.4,2.04
51384.0,50.1,5.1,0.0,0.0
51434.0,50.1,5.1,0.3,1.53
51484.0,50.1,5.11,0.3,1.53
51534.0,50.1,5.1,0.1,0.51
51584.0,50.1,5.11,0.1,0.51
51634.0,50.1,5.1,0.4,2.04
51684.0,50.1,5.1,0.4,2.04
51734.0,50.1,5.1,0.5,2.55
51784.0,50.1,5.1,0.5,2.55
51834.0,50.1,5.1,0.6,3.06
51884.0,50.1,5.1,0.4,2.04
51934.0,50.1,5.1,0.4,2.04
51984.0,50.1,5.1,0.4,2.04
52034.0,50.1,5.11,0.4,2.04
52084.0,50.1,5.1,0.4,2.04
52134.0,50.1,5.1,0.3,1.53
52184.0,50.1,5.1,0.5,2.55
52234.0,50.1,5.1,0.4,2.04
52284.0,50.1,5.1,0.4,2.04
52334.0,50.1,5.1,0.3,1.53
52384.0,50.1,5.1,0.4,2.04
52434.0,50.1,5.1,0.3,1.53
52484.0,50.1,5.1,0.4,2.04
52534.0,50.1,5.1,0.3,1.53
52584.0,50.1,5.1,0.2,1.02
52634.0,50.1,5.1,0.4,2.04
52684.0,50.1,5.1,0.5,2.55
52734.0,50.1,5.1,0.4,2.04
52784.0,50.1,5.1,0.5,2.55
52834.0,50.1,5.1,0.1,0.51
52884.0,50.1,5.1,0.3,1.53
52934.0,50.1,5.1,0.6,3.06
52984.0,50.1,5.11,0.5,2.55
53034.0,50.1,5.1,0.3,1.53
53084.0,50.1,5.1,0.4,2.04
53134.0,50.1,5.1,0.1,0.51
53184.0,50.1,5.1,0.3,1.53
53234.0,50.1,5.1,0.6,3.06
53284.0,51.7,5.02,11.6,58.28
53334.0,54.6,5.07,44.6,226.03
53384.0,57.9,5.08,12.9,65.48
53434.0,60.8,5.1,0.6,3.06
53484.0,62.4,5.1,0.5,2.55
53534.0,62.4,5.1,0.4,2.04
53584.0,62.4,5.1,0.5,2.55
53634.0,62.4,5.1,0.4,2.04
53684.0,62.4,5.1,0.3,1.53
53734.0,62.4,5.1,0.6,3.06
53784.0,62.4,5.1,0.4,2.04
53834.0,62.4,5.1,0.3,1.53
53884.0,62.4,5.1,0.5,2.55
53934.0,62.4,5.1,0.3,1.53
53984.0,62.4,5.1,0.3,1.53
54034.0,62.4,5.1,0.5,2.55
54084.0,62.4,5.1,0.6,3.06
54134.0,62.4,5.1,0.3,1.53
54184.0,62.4,5.1,0.7,3.57
54234.0,62.4,5.1,0.3,1.53
54284.0,62.4,5.1,0.2,1.02
54334.0,62.4,5.1,0.1,0.51
54384.0,62.4,5.1,0.5,2.55
54434.0,62.4,5.1,0.3,1.53
54484.0,62.4,5.1,0.4,2.04
54534.0,62.4,5.1,0.5,2.55
54584.0,62.4,5.1,0.1,0.51
54634.0,62.4,5.1,0.3,1.53
54684.0,62.4,5.1,0.6,3.06
54734.0,62.4,5.1,0.3,1.53
54784.0,62.4,5.1,0.5,2.55
54834.0,62.4,5.1,0.8,4.08
54884.0,62.4,5.1,0.3,1.53
54934.0,62.4,5.1,0.5,2.55
54984.0,62.4,5.1,0.5,2.55
55034.0,62.4,5.1,0.6,3.06
55084.0,62.4,5.1,0.3,1.53
55134.0,62.4,5.1,0.5,2.55
55184.0,62.4,5.1,0.6,3.06
55234.0,62.4,5.1,0.4,2.04
55284.0,62.4,5.1,0.5,2.55
55334.0,62.4,5.1,0.5,2.55
55384.0,62.4,5.1,0.3,1.53
55434.0,62.4,5.1,0.2,1.02
55484.0,62.4,5.1,0.7,3.57
55534.0,62.4,5.1,0.4,2.04
55584.0,62.4,5.1,0.3,1.53
55634.0,62.4,5.1,0.4,2.04
55684.0,62.4,5.1,0.1,0.51
55734.0,62.4,5.1,0.3,1.53
55784.0,62.4,5.1,0.2,1.02
55834.0,62.4,5.11,0.7,3.58
55884.0,62.4,5.1,0.2,1.02
55934.0,62.4,5.1,0.3,1.53
55984.0,62.4,5.1,0.2,1.02
56034.0,62.4,5.1,0.4,2.04
56084.0,62.4,5.1,0.3,1.53
56134.0,62.4,5.1,0.5,2.55
56184.0,62.4,5.1,0.6,3.06
56234.0,62.4,5.1,0.0,0.0
56284.0,62.4,5.1,0.5,2.55
56334.0,62.4,5.1,0.3,1.53
56384.0,62.4,5.1,0.3,1.53
56434.0,62.4,5.1,0.2,1.02
56484.0,62.4,5.1,0.4,2.04
56534.0,62.4,5.1,0.4,2.04
56584.0,62.4,5.1,0.0,0.0
56634.0,62.4,5.1,0.1,0.51
56684.0,62.4,5.1,0.5,2.55
56734.0,62.4,5.1,0.3,1.53
56784.0,62.4,5.1,0.5,2.55
56834.0,62.4,5.1,0.4,2.04
56884.0,62.4,5.1,0.1,0.51
56934.0,62.4,5.1,0.3,1.53
56984.0,62.4,5.1,0.2,1.02
57034.0,62.4,5.1,0.3,1.53
57084.0,62.4,5.1,0.4,2.04
57134.0,62.4,5.1,0.5,2.55
57184.0,62.4,5.1,0.2,1.02
57234.0,62.4,5.1,0.2,1.02
57284.0,62.4,5.1,0.6,3.06
57334.0,62.4,5.1,0.2,1.02
57384.0,62.4,5.1,0.2,1.02
57434.0,62.4,5.1,0.5,2.55
57484.0,62.4,5.1,0.2,1.02
57534.0,62.4,5.1,0.4,2.04
57584.0,62.4,5.1,0.5,2.55
57634.0,62.4,5.1,0.3,1.53
57684.0,62.4,5.1,0.3,1.53
57734.0,62.4,5.1,0.4,2.04
57784.0,62.4,5.1,0.3,1.53
57834.0,62.4,5.1,0.5,2.55
57884.0,62.4,5.1,0.2,1.02
57934.0,62.4,5.1,0.2,1.02
57984.0,62.4,5.1,0.4,2.04
58034.0,62.4,5.1,0.3,1.53
58084.0,62.4,5.1,0.5,2.55
58134.0,62.4,5.1,0.6,3.06
58184.0,62.4,5.1,0.5,2.55
58234.0,62.4,5.1,0.6,3.06
58284.0,62.4,5.1,0.5,2.55
58334.0,62.4,5.1,0.2,1.02
58384.0,62.4,5.1,0.5,2.55
58434.0,62.4,5.1,0.5,2.55
58484.0,62.4,5.1,0.4,2.04
58534.0,62.4,5.1,0.1,0.51
58584.0,62.4,5.1,0.2,1.02
58634.0,62.4,5.1,0.4,2.04
58684.0,62.4,5.1,0.3,1.53
58734.0,62.4,5.1,0.3,1.53
58784.0,62.4,5.1,0.4,2.04
58834.0,62.4,5.1,0.4,2.04
58884.0,62.4,5.1,0.4,2.04
58934.0,62.4,5.1,0.6,3.06
58984.0,62.4,5.1,0.3,1.53
59034.0,62.4,5.1,0.4,2.04
59084.0,62.4,5.1,0.3,1.53
59134.0,62.4,5.11,0.6,3.06
59184.0,62.4,5.1,0.3,1.53
59234.0,62.4,5.1,0.7,3.57
59284.0,62.4,5.11,0.1,0.51
59334.0,62.4,5.1,0.2,1.02
59384.0,62.4,5.1,0.6,3.06
59434.0,62.4,5.1,0.5,2.55
59484.0,62.4,5.1,0.4,2.04
59534.0,62.4,5.1,0.2,1.02
59584.0,62.4,5.1,0.3,1.53
59634.0,62.4,5.1,0.4,2.04
59684.0,62.4,5.1,0.6,3.06
59734.0,62.4,5.1,0.6,3.06
59784.0,62.4,5.1,0.7,3.57
59834.0,62.4,5.1,0.4,2.04
59884.0,62.4,5.1,0.3,1.53
59934.0,62.4,5.11,0.4,2.04
59984.0,62.4,5.1,0.5,2.55
60034.0,62.4,5.1,0.4,2.04
60084.0,62.4,5.1,0.3,1.53
60134.0,62.4,5.1,0.5,2.55
60184.0,62.4,5.1,0.4,2.04
60234.0,62.4,5.1,0.0,0.0
60284.0,62.4,5.1,0.5,2.55
60334.0,62.4,5.1,0.3,1.53
60384.0,62.4,5.1,0.6,3.06
60434.0,62.4,5.1,0.2,1.02
60484.0,62.4,5.11,0.3,1.53
60534.0,62.4,5.1,0.4,2.04
60584.0,62.4,5.1,0.4,2.04
60634.0,62.4,5.1,0.5,2.55
60684.0,62.4,5.1,0.2,1.02
60734.0,62.4,5.1,0.2,1.02
60784.0,62.4,5.1,0.4,2.04
60834.0,62.4,5.1,0.4,2.04
60884.0,62.4,5.1,0.5,2.55
60934.0,62.4,5.1,0.3,1.53
60984.0,62.4,5.1,0.3,1.53
61034.0,62.4,5.1,0.5,2.55
61084.0,62.4,5.1,0.2,1.02
61134.0,62.4,5.1,0.5,2.55
61184.0,62.4,5.1,0.4,2.04
61234.0,62.4,5.1,0.1,0.51
61284.0,62.4,5.1,0.6,3.06
61334.0,62.4,5.1,0.4,2.04
61384.0,62.4,5.1,0.5,2.55
61434.0,62.4,5.1,0.0,0.0
61484.0,62.4,5.1,0.2,1.02
61534.0,62.4,5.1,0.2,1.02
61584.0,62.4,5.1,0.5,2.55
61634.0,62.4,5.1,0.5,2.55
61684.0,62.4,5.11,0.7,3.58
61734.0,62.4,5.1,0.4,2.04
61784.0,62.4,5.1,0.3,1.53
61834.0,62.4,5.1,0.2,1.02
61884.0,62.4,5.1,0.3,1.53
61934.0,62.4,5.1,0.5,2.55
61984.0,62.4,5.11,0.6,3.06
62034.0,62.4,5.1,0.4,2.04
62084.0,62.4,5.1,0.4,2.04
62134.0,62.4,5.1,0.3,1.53
62184.0,62.4,5.1,0.4,2.04
62234.0,62.4,5.1,0.5,2.55
62284.0,62.4,5.1,0.6,3.06
62334.0,62.4,5.1,0.5,2.55
62384.0,62.4,5.1,0.5,2.55
62434.0,62.4,5.1,0.5,2.55
62484.0,62.4,5.1,0.3,1.53
62534.0,62.4,5.1,0.4,2.04
62584.0,62.4,5.1,0.3,1.53
62634.0,62.4,5.1,0.3,1.53
62684.0,62.4,5.1,0.5,2.55
62734.0,62.4,5.1,0.2,1.02
62784.0,62.4,5.1,0.5,2.55
62834.0,62.4,5.1,0.6,3.06
62884.0,62.4,5.1,0.1,0.51
62934.0,62.4,5.1,0.3,1.53
62984.0,62.4,5.1,0.3,1.53
63034.0,62.4,5.1,0.3,1.53
63084.0,62.4,5.1,0.3,1.53
63134.0,62.4,5.1,0.7,3.57
63184.0,62.4,5.1,0.0,0.0
63234.0,62.4,5.11,0.1,0.51
63284.0,62.4,5.11,0.3,1.53
63334.0,62.4,5.1,0.4,2.04
63384.0,62.4,5.1,0.4,2.04
63434.0,62.8,5.05,48.4,244.32
63484.0,65.3,5.07,13.2,66.95
63534.0,68.6,5.08,46.0,233.68
63584.0,71.4,5.07,11.4,57.78
63634.0,73.5,5.1,0.4,2.04
63684.0,73.9,5.1,0.2,1.02
63734.0,73.9,5.1,0.6,3.06
63784.0,73.9,5.1,0.4,2.04
63834.0,73.9,5.1,0.1,0.51
63884.0,73.9,5.1,0.5,2.55
63934.0,73.9,5.1,0.6,3.06
63984.0,73.9,5.1,0.4,2.04
64034.0,73.9,5.11,0.3,1.53
64084.0,73.9,5.1,0.6,3.06
64134.0,73.9,5.1,0.1,0.51
64184.0,73.9,5.1,0.3,1.53
64234.0,73.9,5.1,0.4,2.04
64284.0,73.9,5.1,0.3,1.53
64334.0,73.9,5.1,0.3,1.53
64384.0,73.9,5.1,0.4,2.04
64434.0,73.9,5.1,0.3,1.53
64484.0,73.9,5.1,0.3,1.53
64534.0,73.9,5.1,0.2,1.02
64584.0,73.9,5.1,0.1,0.51
64634.0,73.9,5.1,0.3,1.53
64684.0,73.9,5.1,0.5,2.55
64734.0,73.9,5.1,0.1,0.51
64784.0,73.9,5.1,0.4,2.04
64834.0,73.9,5.1,0.4,2.04
64884.0,73.9,5.1,0.3,1.53
64934.0,73.9,5.11,0.4,2.04
64984.0,73.9,5.1,0.5,2.55
65034.0,73.9,5.1,0.5,2.55
65084.0,73.9,5.1,0.5,2.55
65134.0,73.9,5.1,0.7,3.57
65184.0,73.9,5.1,0.5,2.55
65234.0,73.9,5.1,0.4,2.04
65284.0,73.9,5.1,0.7,3.57
65334.0,73.9,5.1,0.4,2.04
65384.0,73.9,5.11,0.1,0.51
65434.0,73.9,5.1,0.5,2.55
65484.0,73.9,5.1,0.3,1.53
65534.0,73.9,5.1,0.6,3.06
65584.0,73.9,5.1,0.7,3.57
65634.0,73.9,5.1,0.0,0.0
65684.0,73.9,5.1,0.4,2.04
65734.0,73.9,5.1,0.6,3.06
65784.0,73.9,5.1,0.3,1.53
65834.0,73.9,5.1,0.5,2.55
65884.0,73.9,5.1,0.2,1.02
65934.0,73.9,5.1,0.2,1.02
65984.0,73.9,5.1,0.4,2.04
66034.0,73.9,5.1,0.3,1.53
66084.0,73.9,5.1,0.2,1.02
66134.0,73.9,5.1,0.4,2.04
66184.0,73.9,5.1,0.3,1.53
66234.0,73.9,5.1,0.3,1.53
66284.0,73.9,5.1,0.6,3.06
66334.0,73.9,5.1,0.3,1.53
66384.0,73.9,5.11,0.2,1.02
66434.0,73.9,5.1,0.5,2.55
66484.0,73.9,5.1,0.5,2.55
66534.0,73.9,5.1,0.6,3.06
66584.0,73.9,5.1,0.3,1.53
66634.0,73.9,5.1,0.1,0.51
66684.0,73.9,5.1,0.7,3.57
66734.0,73.9,5.1,0.4,2.04
66784.0,73.9,5.11,0.1,0.51
66834.0,73.9,5.1,0.5,2.55
66884.0,73.9,5.1,0.3,1.53
66934.0,73.9,5.1,0.2,1.02
66984.0,73.9,5.1,0.4,2.04
67034.0,73.9,5.1,0.7,3.57
67084.0,73.9,5.11,0.4,2.04
67134.0,73.9,5.1,0.5,2.55
67184.0,73.9,5.1,0.6,3.06
67234.0,73.9,5.1,0.6,3.06
67284.0,73.9,5.1,0.2,1.02
67334.0,73.9,5.1,0.2,1.02
67384.0,73.9,5.1,0.2,1.02
67434.0,73.9,5.1,0.2,1.02
67484.0,73.9,5.11,0.3,1.53
67534.0,73.9,5.1,0.5,2.55
67584.0,73.9,5.1,0.4,2.04
67634.0,73.9,5.1,0.4,2.04
67684.0,73.9,5.1,0.3,1.53
67734.0,73.9,5.1,0.6,3.06
67784.0,73.9,5.1,0.5,2.55
67834.0,73.9,5.1,0.4,2.04
67884.0,73.9,5.1,0.6,3.06
67934.0,73.9,5.11,0.3,1.53
67984.0,73.9,5.1,0.3,1.53
68034.0,73.9,5.1,0.4,2.04
68084.0,73.9,5.1,0.3,1.53
68134.0,73.9,5.1,0.4,2.04
68184.0,73.9,5.1,0.4,2.04
68234.0,73.9,5.1,0.4,2.04
68284.0,73.9,5.1,0.6,3.06
68334.0,73.9,5.1,0.2,1.02
68384.0,73.9,5.1,0.1,0.51
68434.0,73.9,5.1,0.3,1.53
68484.0,73.9,5.1,0.3,1.53
68534.0,73.9,5.1,0.4,2.04
68584.0,73.9,5.1,0.6,3.06
68634.0,73.9,5.1,0.3,1.53
68684.0,73.9,5.1,0.3,1.53
68734.0,73.9,5.1,0.5,2.55
68784.0,73.9,5.1,0.5,2.55
68834.0,73.9,5.1,0.3,1.53
68884.0,73.9,5.1,0.6,3.06
68934.0,73.9,5.1,0.0,0.0
68984.0,73.9,5.1,0.4,2.04
69034.0,73.9,5.1,0.5,2.55
69084.0,73.9,5.1,0.1,0.51
69134.0,73.9,5.1,0.5,2.55
69184.0,73.9,5.1,0.3,1.53
69234.0,73.9,5.1,0.4,2.04
69284.0,73.9,5.1,0.3,1.53
69334.0,73.9,5.1,0.5,2.55
69384.0,73.9,5.11,0.1,0.51
69434.0,73.9,5.1,0.5,2.55
69484.0,73.9,5.1,0.3,1.53
69534.0,73.9,5.1,0.4,2.04
69584.0,73.9,5.1,0.5,2.55
69634.0,73.9,5.1,0.4,2.04
69684.0,73.9,5.1,0.5,2.55
69734.0,73.9,5.1,0.3,1.53
69784.0,73.9,5.1,0.7,3.57
69834.0,73.9,5.1,0.1,0.51
69884.0,73.9,5.1,0.3,1.53
69934.0,73.9,5.1,0.1,0.51
69984.0,73.9,5.1,0.3,1.53
70034.0,73.9,5.1,0.2,1.02
70084.0,73.9,5.1,0.3,1.53
70134.0,73.9,5.1,0.4,2.04
70184.0,73.9,5.1,0.3,1.53
70234.0,73.9,5.1,0.1,0.51
70284.0,73.9,5.1,0.4,2.04
70334.0,73.9,5.1,0.3,1.53
70384.0,73.9,5.1,0.2,1.02
70434.0,73.9,5.1,0.6,3.06
70484.0,73.9,5.1,0.5,2.55
70534.0,73.9,5.1,0.2,1.02
70584.0,73.9,5.1,0.4,2.04
70634.0,73.9,5.1,0.7,3.57
70684.0,73.9,5.1,0.4,2.04
70734.0,73.9,5.1,0.4,2.04
70784.0,73.9,5.1,0.4,2.04
70834.0,73.9,5.1,0.1,0.51
70884.0,73.9,5.1,0.7,3.57
70934.0,73.9,5.1,0.4,2.04
70984.0,73.9,5.1,0.1,0.51
71034.0,73.9,5.1,0.5,2.55
71084.0,73.9,5.1,0.3,1.53
71134.0,73.9,5.1,0.3,1.53
71184.0,73.9,5.1,0.6,3.06
71234.0,73.9,5.1,0.2,1.02
71284.0,73.9,5.11,0.2,1.02
71334.0,73.9,5.1,0.4,2.04
71384.0,73.9,5.1,0.3,1.53
71434.0,73.9,5.1,0.4,2.04
71484.0,73.9,5.1,0.3,1.53
71534.0,73.9,5.1,0.3,1.53
71584.0,73.9,5.1,0.6,3.06
71634.0,73.9,5.1,0.1,0.51
71684.0,73.9,5.1,0.3,1.53
71734.0,73.9,5.1,0.7,3.57
71784.0,73.9,5.11,0.3,1.53
71834.0,73.9,5.1,0.2,1.02
71884.0,73.9,5.11,0.3,1.53
71934.0,73.9,5.1,0.4,2.04
71984.0,73.9,5.1,0.3,1.53
72034.0,73.9,5.1,0.6,3.06
72084.0,73.9,5.1,0.5,2.55
72134.0,73.9,5.1,0.1,0.51
72184.0,73.9,5.1,0.4,2.04
72234.0,73.9,5.1,0.2,1.02
72284.0,73.9,5.11,0.0,0.0
72334.0,73.9,5.1,0.7,3.57
72384.0,73.9,5.1,0.1,0.51
72434.0,73.9,5.1,0.4,2.04
72484.0,73.9,5.1,0.3,1.53
72534.0,73.9,5.1,0.3,1.53
72584.0,73.9,5.1,0.4,2.04
72634.0,73.9,5.1,0.1,0.51
72684.0,73.9,5.1,0.5,2.55
72734.0,73.9,5.11,0.3,1.53
72784.0,73.9,5.1,0.4,2.04
72834.0,73.9,5.1,0.3,1.53
72884.0,73.9,5.1,0.4,2.04
72934.0,73.9,5.1,0.6,3.06
72984.0,73.9,5.1,0.2,1.02
73034.0,73.9,5.1,0.2,1.02
73084.0,73.9,5.1,0.3,1.53
73134.0,73.9,5.1,0.3,1.53
73184.0,73.9,5.1,0.7,3.57
73234.0,73.9,5.1,0.2,1.02
73284.0,73.9,5.1,0.4,2.04
73334.0,73.9,5.1,0.3,1.53
73384.0,73.9,5.1,0.4,2.04
73434.0,73.9,5.1,0.6,3.06
73484.0,73.9,5.1,0.4,2.04
73534.0,73.9,5.1,0.5,2.55
73584.0,73.9,5.1,0.2,1.02
73634.0,75.1,5.0,20.1,100.58
73684.0,78.0,5.09,45.2,230.16
73734.0,81.3,5.04,9.3,46.87
73784.0,84.2,5.11,0.3,1.53
73834.0,85.8,5.1,0.2,1.02
73884.0,85.8,5.1,0.1,0.51
73934.0,85.8,5.1,0.3,1.53
73984.0,85.8,5.1,0.4,2.04
74034.0,85.8,5.1,0.2,1.02
74084.0,85.8,5.1,0.5,2.55
74134.0,85.8,5.1,0.6,3.06
74184.0,85.8,5.1,0.3,1.53
74234.0,85.8,5.1,0.5,2.55
74284.0,85.8,5.1,0.6,3.06
74334.0,85.8,5.1,0.8,4.08
74384.0,85.8,5.1,0.4,2.04
74434.0,85.8,5.1,0.5,2.55
74484.0,85.8,5.1,0.4,2.04
74534.0,85.8,5.1,0.4,2.04
74584.0,85.8,5.1,0.6,3.06
74634.0,85.8,5.1,0.4,2.04
74684.0,85.8,5.1,0.4,2.04
74734.0,85.8,5.1,0.5,2.55
74784.0,85.8,5.1,0.5,2.55
74834.0,85.8,5.1,0.4,2.04
74884.0,85.8,5.1,0.6,3.06
74934.0,85.8,5.1,0.5,2.55
74984.0,85.8,5.1,0.2,1.02
75034.0,85.8,5.1,0.5,2.55
75084.0,85.8,5.1,0.3,1.53
75134.0,85.8,5.1,0.3,1.53
75184.0,85.8,5.1,0.4,2.04
75234.0,85.8,5.1,0.5,2.55
75284.0,85.8,5.1,0.1,0.51
75334.0,85.8,5.1,0.6,3.06
75384.0,85.8,5.1,0.4,2.04
75434.0,85.8,5.1,0.1,0.51
75484.0,85.8,5.1,0.3,1.53
75534.0,85.8,5.1,0.2,1.02
75584.0,85.8,5.1,0.3,1.53
75634.0,85.8,5.1,0.6,3.06
75684.0,85.8,5.1,0.6,3.06
75734.0,85.8,5.1,0.5,2.55
75784.0,85.8,5.1,0.4,2.04
75834.0,85.8,5.1,0.2,1.02
75884.0,85.8,5.1,0.2,1.02
75934.0,85.8,5.1,0.2,1.02
75984.0,85.8,5.1,0.4,2.04
76034.0,85.8,5.1,0.0,0.0
76084.0,85.8,5.1,0.4,2.04
76134.0,85.8,5.1,0.4,2.04
76184.0,85.8,5.11,0.3,1.53
76234.0,85.8,5.1,0.0,0.0
76284.0,85.8,5.1,0.6,3.06
76334.0,85.8,5.1,0.5,2.55
76384.0,85.8,5.1,0.5,2.55
76434.0,85.8,5.1,0.3,1.53
76484.0,85.8,5.11,0.5,2.55
76534.0,85.8,5.11,0.2,1.02
76584.0,85.8,5.1,0.2,1.02
76634.0,85.8,5.1,0.4,2.04
76684.0,85.8,5.1,0.3,1.53
76734.0,85.8,5.1,0.5,2.55
76784.0,85.8,5.1,0.1,0.51
76834.0,85.8,5.1,0.4,2.04
76884.0,85.8,5.1,0.3,1.53
76934.0,85.8,5.1,0.5,2.55
76984.0,85.8,5.1,0.4,2.04
77034.0,85.8,5.1,0.7,3.57
77084.0,85.8,5.1,0.5,2.55
77134.0,85.8,5.1,0.7,3.57
77184.0,85.8,5.1,0.3,1.53
77234.0,85.8,5.1,0.2,1.02
77284.0,85.8,5.1,0.4,2.04
77334.0,85.8,5.1,0.5,2.55
77384.0,85.8,5.1,0.3,1.53
77434.0,85.8,5.1,0.6,3.06
77484.0,85.8,5.1,0.3,1.53
77534.0,85.8,5.1,0.0,0.0
77584.0,85.8,5.1,0.2,1.02
77634.0,85.8,5.1,0.5,2.55
77684.0,85.8,5.1,0.4,2.04
77734.0,85.8,5.1,0.6,3.06
77784.0,85.8,5.1,0.6,3.06
77834.0,85.8,5.1,0.5,2.55
77884.0,85.8,5.1,0.4,2.04
77934.0,85.8,5.1,0.5,2.55
77984.0,85.8,5.1,0.4,2.04
78034.0,85.8,5.1,0.3,1.53
78084.0,85.8,5.1,0.3,1.53
78134.0,85.8,5.1,0.3,1.53
78184.0,85.8,5.1,0.5,2.55
78234.0,85.8,5.1,0.2,1.02
78284.0,85.8,5.1,0.3,1.53
78334.0,85.8,5.1,0.5,2.55
78384.0,85.8,5.1,0.4,2.04
78434.0,85.8,5.1,0.5,2.55
78484.0,85.8,5.1,0.5,2.55
78534.0,85.8,5.1,0.3,1.53
78584.0,85.8,5.1,0.5,2.55
78634.0,85.8,5.1,0.4,2.04
78684.0,85.8,5.1,0.1,0.51
78734.0,85.8,5.1,0.2,1.02
78784.0,85.8,5.1,0.6,3.06
78834.0,85.8,5.1,0.1,0.51
78884.0,85.8,5.1,0.2,1.02
78934.0,85.8,5.1,0.4,2.04
78984.0,85.8,5.1,0.3,1.53
79034.0,85.8,5.1,0.2,1.02
79084.0,85.8,5.1,0.3,1.53
79134.0,85.8,5.1,0.0,0.0
79184.0,85.8,5.1,0.3,1.53
79234.0,85.8,5.1,0.3,1.53
79284.0,85.8,5.1,0.5,2.55
79334.0,85.8,5.1,0.1,0.51
79384.0,85.8,5.1,0.4,2.04
79434.0,85.8,5.1,0.1,0.51
79484.0,85.8,5.1,0.3,1.53
79534.0,85.8,5.1,0.7,3.57
79584.0,85.8,5.11,0.3,1.53
79634.0,85.8,5.1,0.5,2.55
79684.0,85.8,5.1,0.5,2.55
79734.0,85.8,5.1,0.3,1.53
79784.0,85.8,5.1,0.3,1.53
79834.0,85.8,5.1,0.7,3.57
79884.0,85.8,5.1,0.4,2.04
79934.0,85.8,5.1,0.5,2.55
79984.0,85.8,5.1,0.3,1.53
80034.0,85.8,5.1,0.1,0.51
80084.0,85.8,5.1,0.5,2.55
80134.0,85.8,5.1,0.5,2.55
80184.0,85.8,5.11,0.3,1.53
80234.0,85.8,5.1,0.3,1.53
80284.0,85.8,5.1,0.8,4.08
80334.0,85.8,5.11,0.4,2.04
80384.0,85.8,5.1,0.3,1.53
80434.0,85.8,5.1,0.4,2.04
80484.0,85.8,5.1,0.1,0.51
80534.0,85.8,5.1,0.5,2.55
80584.0,85.8,5.1,0.4,2.04
80634.0,85.8,5.1,0.6,3.06
80684.0,85.8,5.1,0.6,3.06
80734.0,85.8,5.1,0.1,0.51
80784.0,85.8,5.1,0.2,1.02
80834.0,85.8,5.1,0.6,3.06
80884.0,85.8,5.1,0.4,2.04
80934.0,85.8,5.1,0.2,1.02
80984.0,85.8,5.1,0.5,2.55
81034.0,85.8,5.1,0.5,2.55
81084.0,85.8,5.1,0.3,1.53
81134.0,85.8,5.1,0.5,2.55
81184.0,85.8,5.1,0.7,3.57
81234.0,85.8,5.11,0.2,1.02
81284.0,85.8,5.1,0.4,2.04
81334.0,85.8,5.1,0.4,2.04
81384.0,85.8,5.1,0.4,2.04
81434.0,85.8,5.1,0.7,3.57
81484.0,85.8,5.1,0.2,1.02
81534.0,85.8,5.1,0.4,2.04
81584.0,85.8,5.1,0.6,3.06
81634.0,85.8,5.1,0.6,3.06
81684.0,85.8,5.1,0.2,1.02
81734.0,85.8,5.1,0.6,3.06
81784.0,85.8,5.1,0.5,2.55
81834.0,85.8,5.1,0.3,1.53
81884.0,85.8,5.1,0.6,3.06
81934.0,85.8,5.1,0.5,2.55
81984.0,85.8,5.1,0.4,2.04
82034.0,85.8,5.1,0.6,3.06
82084.0,85.8,5.1,0.4,2.04
82134.0,85.8,5.1,0.2,1.02
82184.0,85.8,5.1,0.4,2.04
82234.0,85.8,5.1,0.5,2.55
82284.0,85.8,5.11,0.2,1.02
82334.0,85.8,5.1,0.4,2.04
82384.0,85.8,5.1,0.2,1.02
82434.0,85.8,5.1,0.5,2.55
82484.0,85.8,5.1,0.5,2.55
82534.0,85.8,5.1,0.3,1.53
82584.0,85.8,5.1,0.4,2.04
82634.0,85.8,5.1,0.2,1.02
82684.0,85.8,5.1,0.5,2.55
82734.0,85.8,5.1,0.6,3.06
82784.0,85.8,5.1,0.5,2.55
82834.0,85.8,5.1,0.4,2.04
82884.0,85.8,5.1,0.2,1.02
82934.0,85.8,5.1,0.5,2.55
82984.0,85.8,5.1,0.2,1.02
83034.0,85.8,5.1,0.6,3.06
83084.0,85.8,5.1,0.6,3.06
83134.0,85.8,5.1,0.4,2.04
83184.0,85.8,5.1,0.5,2.55
83234.0,85.8,5.1,0.3,1.53
83284.0,85.8,5.1,0.5,2.55
83334.0,85.8,5.11,0.4,2.04
83384.0,85.8,5.1,0.4,2.04
83434.0,85.8,5.1,0.1,0.51
83484.0,85.8,5.11,0.3,1.53
83534.0,85.8,5.1,0.3,1.53
83584.0,85.8,5.1,0.3,1.53
83634.0,85.8,5.1,0.6,3.06
83684.0,85.8,5.1,0.2,1.02
83734.0,85.8,5.1,0.2,1.02
83784.0,85.8,5.07,47.7,241.74
83834.0,87.4,5.05,19.0,95.99
83884.0,90.3,5.02,46.4,233.11
83934.0,93.2,5.09,9.3,47.32
83984.0,96.1,5.1,0.4,2.04
84034.0,97.3,5.1,0.5,2.55
84084.0,97.3,5.1,0.6,3.06
84134.0,97.3,5.1,0.4,2.04
84184.0,97.3,5.1,0.5,2.55
84234.0,97.3,5.1,0.5,2.55
84284.0,97.3,5.1,0.6,3.06
84334.0,97.3,5.1,0.2,1.02
84384.0,97.3,5.1,0.2,1.02
84434.0,97.3,5.1,0.1,0.51
84484.0,97.3,5.11,0.4,2.04
84534.0,97.3,5.1,0.2,1.02
84584.0,97.3,5.1,0.9,4.59
84634.0,97.3,5.1,0.9,4.59
84684.0,97.3,5.1,0.5,2.55
84734.0,97.3,5.1,0.1,0.51
84784.0,97.3,5.1,0.5,2.55
84834.0,97.3,5.1,0.5,2.55
84884.0,97.3,5.1,0.1,0.51
84934.0,97.3,5.1,0.5,2.55
84984.0,97.3,5.1,0.5,2.55
85034.0,97.3,5.1,0.4,2.04
85084.0,97.3,5.1,0.4,2.04
85134.0,97.3,5.1,0.5,2.55
85184.0,97.3,5.1,0.3,1.53
85234.0,97.3,5.1,0.5,2.55
85284.0,97.3,5.1,0.2,1.02
85334.0,97.3,5.1,0.5,2.55
85384.0,97.3,5.1,0.5,2.55
85434.0,97.3,5.1,0.2,1.02
85484.0,97.3,5.1,0.3,1.53
85534.0,97.3,5.1,0.5,2.55
85584.0,97.3,5.1,0.3,1.53
85634.0,97.3,5.11,0.4,2.04
85684.0,97.3,5.1,0.5,2.55
85734.0,97.3,5.1,0.5,2.55
85784.0,97.3,5.1,0.3,1.53
85834.0,97.3,5.1,0.1,0.51
85884.0,97.3,5.1,0.4,2.04
85934.0,97.3,5.11,0.3,1.53
85984.0,97.3,5.11,0.4,2.04
86034.0,97.3,5.11,0.2,1.02
86084.0,97.3,5.11,0.2,1.02
86134.0,97.3,5.11,0.2,1.02
86184.0,97.3,5.1,0.1,0.51
86234.0,97.3,5.1,0.6,3.06
86284.0,97.3,5.1,0.4,2.04
86334.0,97.3,5.1,0.5,2.55
86384.0,97.3,5.1,0.5,2.55
86434.0,97.3,5.1,0.6,3.06
86484.0,97.3,5.1,0.4,2.04
86534.0,97.3,5.1,0.3,1.53
86584.0,97.3,5.1,0.4,2.04
86634.0,97.3,5.1,0.3,1.53
86684.0,97.3,5.1,0.4,2.04
86734.0,97.3,5.1,0.2,1.02
86784.0,97.3,5.1,0.5,2.55
86834.0,97.3,5.1,0.1,0.51
86884.0,97.3,5.11,0.2,1.02
86934.0,97.3,5.1,0.6,3.06
86984.0,97.3,5.1,0.4,2.04
87034.0,97.3,5.11,0.4,2.04
87084.0,97.3,5.1,0.1,0.51
87134.0,97.3,5.1,0.6,3.06
87184.0,97.3,5.1,0.1,0.51
87234.0,97.3,5.1,0.3,1.53
87284.0,97.3,5.1,0.5,2.55
87334.0,97.3,5.1,0.4,2.04
87384.0,97.3,5.1,0.2,1.02
87434.0,97.3,5.1,0.3,1.53
87484.0,97.3,5.1,0.5,2.55
87534.0,97.3,5.1,0.5,2.55
87584.0,97.3,5.1,0.4,2.04
87634.0,97.3,5.1,0.1,0.51
87684.0,97.3,5.1,0.1,0.51
87734.0,97.3,5.1,0.4,2.04
87784.0,97.3,5.1,0.4,2.04
87834.0,97.3,5.1,0.4,2.04
87884.0,97.3,5.1,0.3,1.53
87934.0,97.3,5.1,0.2,1.02
87984.0,97.3,5.1,0.4,2.04
88034.0,97.3,5.11,0.3,1.53
88084.0,97.3,5.1,0.5,2.55
88134.0,97.3,5.1,0.3,1.53
88184.0,97.3,5.1,0.3,1.53
88234.0,97.3,5.1,0.3,1.53
88284.0,97.3,5.1,0.5,2.55
88334.0,97.3,5.1,0.3,1.53
88384.0,97.3,5.1,0.5,2.55
88434.0,97.3,5.1,0.6,3.06
88484.0,97.3,5.1,0.2,1.02
88534.0,97.3,5.1,0.5,2.55
88584.0,97.3,5.1,0.0,0.0
88634.0,97.3,5.1,0.4,2.04
88684.0,97.3,5.1,0.4,2.04
88734.0,97.3,5.1,0.4,2.04
88784.0,97.3,5.1,0.1,0.51
88834.0,97.3,5.1,0.4,2.04
88884.0,97.3,5.1,0.3,1.53
88934.0,97.3,5.1,0.3,1.53
88984.0,97.3,5.1,0.2,1.02
89034.0,97.3,5.1,0.5,2.55
89084.0,97.3,5.1,0.4,2.04
89134.0,97.3,5.1,0.4,2.04
89184.0,97.3,5.1,0.2,1.02
89234.0,97.3,5.1,0.5,2.55
89284.0,97.3,5.1,0.3,1.53
89334.0,97.3,5.1,0.3,1.53
89384.0,97.3,5.1,0.4,2.04
89434.0,97.3,5.1,0.1,0.51
89484.0,97.3,5.11,0.3,1.53
89534.0,97.3,5.1,0.3,1.53
89584.0,97.3,5.1,0.5,2.55
89634.0,97.3,5.1,0.4,2.04
89684.0,97.3,5.1,0.4,2.04
89734.0,97.3,5.1,0.4,2.04
89784.0,97.3,5.1,0.4,2.04
89834.0,97.3,5.11,0.2,1.02
89884.0,97.3,5.11,0.3,1.53
89934.0,97.3,5.1,0.5,2.55
89984.0,97.3,5.11,0.1,0.51
90034.0,97.3,5.1,0.5,2.55
90084.0,97.3,5.1,0.2,1.02
90134.0,97.3,5.1,0.3,1.53
90184.0,97.3,5.1,0.5,2.55
90234.0,97.3,5.1,0.5,2.55
90284.0,97.3,5.1,0.4,2.04
90334.0,97.3,5.1,0.3,1.53
90384.0,97.3,5.1,0.7,3.57
90434.0,97.3,5.1,0.4,2.04
90484.0,97.3,5.11,0.4,2.04
90534.0,97.3,5.1,0.4,2.04
90584.0,97.3,5.1,0.5,2.55
90634.0,97.3,5.1,0.5,2.55
90684.0,97.3,5.1,0.2,1.02
90734.0,97.3,5.1,0.7,3.57
90784.0,97.3,5.1,0.3,1.53
90834.0,97.3,5.11,0.2,1.02
90884.0,97.3,5.1,0.3,1.53
90934.0,97.3,5.1,0.4,2.04
90984.0,97.3,5.1,0.3,1.53
91034.0,97.3,5.1,0.1,0.51
91084.0,97.3,5.1,0.4,2.04
91134.0,97.3,5.1,0.2,1.02
91184.0,97.3,5.1,0.0,0.0
91234.0,97.3,5.1,0.3,1.53
91284.0,97.3,5.1,0.5,2.55
91334.0,97.3,5.1,0.5,2.55
91384.0,97.3,5.1,0.3,1.53
91434.0,97.3,5.1,0.4,2.04
91484.0,97.3,5.1,0.4,2.04
91534.0,97.3,5.1,0.7,3.57
91584.0,97.3,5.1,0.6,3.06
91634.0,97.3,5.1,0.3,1.53
91684.0,97.3,5.1,0.4,2.04
91734.0,97.3,5.1,0.1,0.51
91784.0,97.3,5.1,0.4,2.04
91834.0,97.3,5.1,0.4,2.04
91884.0,97.3,5.1,0.2,1.02
91934.0,97.3,5.11,0.5,2.55
91984.0,97.3,5.1,0.4,2.04
92034.0,97.3,5.1,0.3,1.53
92084.0,97.3,5.1,0.4,2.04
92134.0,97.3,5.1,0.3,1.53
92184.0,97.3,5.1,0.6,3.06
92234.0,97.3,5.1,0.2,1.02
92284.0,97.3,5.1,0.5,2.55
92334.0,97.3,5.11,0.2,1.02
92384.0,97.3,5.1,0.2,1.02
92434.0,97.3,5.1,0.4,2.04
92484.0,97.3,5.1,0.4,2.04
92534.0,97.3,5.1,0.2,1.02
92584.0,97.3,5.1,0.3,1.53
92634.0,97.3,5.1,0.3,1.53
92684.0,97.3,5.1,0.5,2.55
92734.0,97.3,5.1,0.1,0.51
92784.0,97.3,5.1,0.5,2.55
92834.0,97.3,5.1,0.7,3.57
92884.0,97.3,5.1,0.3,1.53
92934.0,97.3,5.11,0.2,1.02
92984.0,97.3,5.1,0.6,3.06
93034.0,97.3,5.1,0.2,1.02
93084.0,97.3,5.1,0.5,2.55
93134.0,97.3,5.1,0.3,1.53
93184.0,97.3,5.1,0.2,1.02
93234.0,97.3,5.11,0.2,1.02
93284.0,97.3,5.1,0.4,2.04
93334.0,97.3,5.1,0.4,2.04
93384.0,97.3,5.1,0.4,2.04
93434.0,97.3,5.1,0.2,1.02
93484.0,97.3,5.1,0.6,3.06
93534.0,97.3,5.1,0.4,2.04
93584.0,97.3,5.1,0.1,0.51
93634.0,97.3,5.1,0.4,2.04
93684.0,97.3,5.1,0.2,1.02
93734.0,97.3,5.1,0.2,1.02
93784.0,97.3,5.1,0.4,2.04
93834.0,97.3,5.1,0.5,2.55
93884.0,97.3,5.1,0.6,3.06
93934.0,97.3,5.1,0.4,2.04
93984.0,97.3,5.0,63.1,315.25
94034.0,98.9,5.08,26.6,135.13
94084.0,101.8,5.01,18.6,93.22
94134.0,104.7,5.09,48.5,246.77
94184.0,107.6,5.04,9.1,45.9
94234.0,109.2,5.1,0.3,1.53
94284.0,109.2,5.1,0.2,1.02
94334.0,109.2,5.1,0.7,3.57
94384.0,109.2,5.1,0.0,0.0
94434.0,109.2,5.1,0.7,3.57
94484.0,109.2,5.1,0.4,2.04
94534.0,109.2,5.1,0.3,1.53
94584.0,109.2,5.1,0.3,1.53
94634.0,109.2,5.1,0.6,3.06
94684.0,109.2,5.1,0.2,1.02
94734.0,109.2,5.11,0.2,1.02
94784.0,109.2,5.11,0.6,3.06
94834.0,109.2,5.1,0.4,2.04
94884.0,109.2,5.1,0.2,1.02
94934.0,109.2,5.1,0.3,1.53
94984.0,109.2,5.1,0.4,2.04
95034.0,109.2,5.11,0.2,1.02
95084.0,109.2,5.1,0.6,3.06
95134.0,109.2,5.1,0.4,2.04
95184.0,109.2,5.1,0.2,1.02
95234.0,109.2,5.1,0.3,1.53
95284.0,109.2,5.1,0.5,2.55
95334.0,109.2,5.1,0.2,1.02
95384.0,109.2,5.1,0.3,1.53
95434.0,109.2,5.1,0.5,2.55
95484.0,109.2,5.11,0.2,1.02
95534.0,109.2,5.1,0.3,1.53
95584.0,109.2,5.1,0.5,2.55
95634.0,109.2,5.1,0.3,1.53
95684.0,109.2,5.1,0.3,1.53
95734.0,109.2,5.1,0.3,1.53
95784.0,109.2,5.1,0.2,1.02
95834.0,109.2,5.1,0.6,3.06
95884.0,109.2,5.11,0.7,3.58
95934.0,109.2,5.11,0.3,1.53
95984.0,109.2,5.1,0.5,2.55
96034.0,109.2,5.1,0.7,3.57
96084.0,109.2,5.1,0.7,3.57
96134.0,109.2,5.1,0.1,0.51
96184.0,109.2,5.1,0.6,3.06
96234.0,109.2,5.1,0.5,2.55
96284.0,109.2,5.1,0.1,0.51
96334.0,109.2,5.1,0.6,3.06
96384.0,109.2,5.1,0.4,2.04
96434.0,109.2,5.11,0.5,2.55
96484.0,109.2,5.1,0.6,3.06
96534.0,109.2,5.1,0.5,2.55
96584.0,109.2,5.11,0.6,3.06
96634.0,109.2,5.1,0.1,0.51
96684.0,109.2,5.1,0.5,2.55
96734.0,109.2,5.1,0.3,1.53
96784.0,109.2,5.1,0.5,2.55
96834.0,109.2,5.1,0.4,2.04
96884.0,109.2,5.1,0.3,1.53
96934.0,109.2,5.1,0.5,2.55
96984.0,109.2,5.1,0.3,1.53
97034.0,109.2,5.1,0.3,1.53
97084.0,109.2,5.1,0.3,1.53
97134.0,109.2,5.1,0.4,2.04
97184.0,109.2,5.1,0.4,2.04
97234.0,109.2,5.1,0.3,1.53
97284.0,109.2,5.11,0.2,1.02
97334.0,109.2,5.1,0.5,2.55
97384.0,109.2,5.1,0.5,2.55
97434.0,109.2,5.1,0.1,0.51
97484.0,109.2,5.1,0.2,1.02
97534.0,109.2,5.1,0.4,2.04
97584.0,109.2,5.1,0.6,3.06
97634.0,109.2,5.1,0.3,1.53
97684.0,109.2,5.1,0.5,2.55
97734.0,109.2,5.1,0.5,2.55
97784.0,109.2,5.1,0.6,3.06
97834.0,109.2,5.1,0.3,1.53
97884.0,109.2,5.1,0.4,2.04
97934.0,109.2,5.1,0.5,2.55
97984.0,109.2,5.1,0.3,1.53
98034.0,109.2,5.1,0.6,3.06
98084.0,109.2,5.1,0.3,1.53
98134.0,109.2,5.1,0.5,2.55
98184.0,109.2,5.1,0.4,2.04
98234.0,109.2,5.1,0.2,1.02
98284.0,109.2,5.1,0.2,1.02
98334.0,109.2,5.1,0.3,1.53
98384.0,109.2,5.1,0.1,0.51
98434.0,109.2,5.1,0.3,1.53
98484.0,109.2,5.1,0.6,3.06
98534.0,109.2,5.1,0.2,1.02
98584.0,109.2,5.1,0.3,1.53
98634.0,109.2,5.1,0.3,1.53
98684.0,109.2,5.1,0.3,1.53
98734.0,109.2,5.1,0.3,1.53
98784.0,109.2,5.1,0.6,3.06
98834.0,109.2,5.1,0.1,0.51
98884.0,109.2,5.1,0.4,2.04
98934.0,109.2,5.1,0.5,2.55
98984.0,109.2,5.1,0.2,1.02
99034.0,109.2,5.1,0.6,3.06
99084.0,109.2,5.1,0.4,2.04
99134.0,109.2,5.1,0.5,2.55
99184.0,109.2,5.1,0.4,2.04
99234.0,109.2,5.1,0.4,2.04
99284.0,109.2,5.1,0.1,0.51
99334.0,109.2,5.1,0.3,1.53
99384.0,109.2,5.1,0.3,1.53
99434.0,109.2,5.1,0.0,0.0
99484.0,109.2,5.1,0.5,2.55
99534.0,109.2,5.1,0.3,1.53
99584.0,109.2,5.1,0.2,1.02
99634.0,109.2,5.1,0.6,3.06
99684.0,109.2,5.1,0.6,3.06
99734.0,109.2,5.1,0.2,1.02
99784.0,109.2,5.1,0.3,1.53
99834.0,109.2,5.1,0.4,2.04
99884.0,109.2,5.1,0.0,0.0
99934.0,109.2,5.1,0.6,3.06
99984.0,109.2,5.1,0.1,0.51
100034.0,109.2,5.1,0.3,1.53
100084.0,109.2,5.1,0.6,3.06
100134.0,109.2,5.1,0.4,2.04
100184.0,109.2,5.1,0.3,1.53
100234.0,109.2,5.1,0.1,0.51
100284.0,109.2,5.1,0.2,1.02
100334.0,109.2,5.1,0.2,1.02
100384.0,109.2,5.1,0.4,2.04
100434.0,109.2,5.1,0.3,1.53
100484.0,109.2,5.11,0.1,0.51
100534.0,109.2,5.1,0.5,2.55
100584.0,109.2,5.1,0.2,1.02
100634.0,109.2,5.1,0.4,2.04
100684.0,109.2,5.1,0.5,2.55
100734.0,109.2,5.1,0.5,2.55
100784.0,109.2,5.1,0.4,2.04
100834.0,109.2,5.1,0.6,3.06
100884.0,109.2,5.1,0.6,3.06
100934.0,109.2,5.1,0.2,1.02
100984.0,109.2,5.1,0.6,3.06
101034.0,109.2,5.1,0.2,1.02
101084.0,109.2,5.1,0.3,1.53
101134.0,109.2,5.1,0.3,1.53
101184.0,109.2,5.1,0.4,2.04
101234.0,109.2,5.1,0.2,1.02
101284.0,109.2,5.1,0.3,1.53
101334.0,109.2,5.1,0.6,3.06
101384.0,109.2,5.1,0.3,1.53
101434.0,109.2,5.1,0.5,2.55
101484.0,109.2,5.1,0.1,0.51
101534.0,109.2,5.1,0.1,0.51
101584.0,109.2,5.1,0.6,3.06
101634.0,109.2,5.1,0.3,1.53
101684.0,109.2,5.1,0.1,0.51
101734.0,109.2,5.1,0.6,3.06
101784.0,109.2,5.11,0.1,0.51
101834.0,109.2,5.1,0.2,1.02
101884.0,109.2,5.1,0.5,2.55
101934.0,109.2,5.1,0.2,1.02
101984.0,109.2,5.1,0.1,0.51
102034.0,109.2,5.1,0.4,2.04
102084.0,109.2,5.1,0.5,2.55
102134.0,109.2,5.1,0.4,2.04
102184.0,109.2,5.1,0.5,2.55
102234.0,109.2,5.1,0.4,2.04
102284.0,109.2,5.1,0.4,2.04
102334.0,109.2,5.1,0.3,1.53
102384.0,109.2,5.1,0.7,3.57
102434.0,109.2,5.1,0.3,1.53
102484.0,109.2,5.1,0.7,3.57
102534.0,109.2,5.1,0.3,1.53
102584.0,109.2,5.1,0.1,0.51
102634.0,109.2,5.1,0.6,3.06
102684.0,109.2,5.1,0.2,1.02
102734.0,109.2,5.1,0.3,1.53
102784.0,109.2,5.1,0.5,2.55
102834.0,109.2,5.1,0.3,1.53
102884.0,109.2,5.1,0.2,1.02
102934.0,109.2,5.1,0.4,2.04
102984.0,109.2,5.1,0.4,2.04
103034.0,109.2,5.1,0.6,3.06
103084.0,109.2,5.1,0.5,2.55
103134.0,109.2,5.1,0.5,2.55
103184.0,109.2,5.1,0.4,2.04
103234.0,109.2,5.1,0.4,2.04
103284.0,109.2,5.1,0.5,2.55
103334.0,109.2,5.1,0.2,1.02
103384.0,109.2,5.1,0.5,2.55
103434.0,109.2,5.1,0.3,1.53
103484.0,109.2,5.1,0.7,3.57
103534.0,109.2,5.1,0.2,1.02
103584.0,109.2,5.1,0.3,1.53
103634.0,109.2,5.11,0.0,0.0
103684.0,109.2,5.1,0.5,2.55
103734.0,109.2,5.11,0.3,1.53
103784.0,109.2,5.1,0.4,2.04
103834.0,109.2,5.1,0.4,2.04
103884.0,109.2,5.1,0.3,1.53
103934.0,109.2,5.1,0.3,1.53
103984.0,109.2,5.1,0.2,1.02
104034.0,109.2,5.1,0.4,2.04
104084.0,109.2,5.1,0.4,2.04
104134.0,109.2,5.1,0.3,1.53
104184.0,109.2,5.1,0.3,1.53
104234.0,110.4,5.02,41.4,207.83
104284.0,112.9,5.08,31.6,160.65
104334.0,115.8,5.02,15.6,78.25
104384.0,118.6,5.09,48.3,245.75
104434.0,120.7,5.1,0.3,1.53
104484.0,121.1,5.1,0.3,1.53
104534.0,121.1,5.1,0.4,2.04
104584.0,121.1,5.1,0.2,1.02
104634.0,121.1,5.1,0.5,2.55
104684.0,121.1,5.1,0.3,1.53
104734.0,121.1,5.1,0.4,2.04
104784.0,121.1,5.1,0.1,0.51
104834.0,121.1,5.1,0.2,1.02
104884.0,121.1,5.1,0.5,2.55
104934.0,121.1,5.1,0.2,1.02
104984.0,121.1,5.1,0.5,2.55
105034.0,121.1,5.1,0.5,2.55
105084.0,121.1,5.1,0.2,1.02
105134.0,121.1,5.1,0.4,2.04
105184.0,121.1,5.1,0.7,3.57
105234.0,121.1,5.1,0.8,4.08
105284.0,121.1,5.1,0.4,2.04
105334.0,121.1,5.1,0.5,2.55
105384.0,121.1,5.1,0.6,3.06
105434.0,121.1,5.1,0.3,1.53
105484.0,121.1,5.11,0.3,1.53
105534.0,121.1,5.11,0.3,1.53
105584.0,121.1,5.11,0.4,2.04
105634.0,121.1,5.11,0.3,1.53
105684.0,121.1,5.1,0.2,1.02
105734.0,121.1,5.1,0.4,2.04
105784.0,121.1,5.1,0.7,3.57
105834.0,121.1,5.1,0.3,1.53
105884.0,121.1,5.1,0.7,3.57
105934.0,121.1,5.1,0.4,2.04
105984.0,121.1,5.1,0.2,1.02
106034.0,121.1,5.1,0.7,3.57
106084.0,121.1,5.1,0.4,2.04
106134.0,121.1,5.1,0.4,2.04
106184.0,121.1,5.1,0.2,1.02
106234.0,121.1,5.1,0.5,2.55
106284.0,121.1,5.1,0.3,1.53
106334.0,121.1,5.1,0.4,2.04
106384.0,121.1,5.1,0.1,0.51
106434.0,121.1,5.1,0.2,1.02
106484.0,121.1,5.1,0.4,2.04
106534.0,121.1,5.1,0.3,1.53
106584.0,121.1,5.1,0.2,1.02
106634.0,121.1,5.1,0.3,1.53
106684.0,121.1,5.1,0.3,1.53
106734.0,121.1,5.1,0.3,1.53
106784.0,121.1,5.1,0.0,0.0
106834.0,121.1,5.1,0.3,1.53
106884.0,121.1,5.1,0.7,3.57
106934.0,121.1,5.1,0.3,1.53
106984.0,121.1,5.11,0.3,1.53
107034.0,121.1,5.1,0.5,2.55
107084.0,121.1,5.1,0.5,2.55
107134.0,121.1,5.1,0.3,1.53
107184.0,121.1,5.1,0.5,2.55
107234.0,121.1,5.1,0.5,2.55
107284.0,121.1,5.1,0.4,2.04
107334.0,121.1,5.1,0.6,3.06
107384.0,121.1,5.1,0.3,1.53
107434.0,121.1,5.1,0.5,2.55
107484.0,121.1,5.1,0.4,2.04
107534.0,121.1,5.1,0.5,2.55
107584.0,121.1,5.1,0.3,1.53
107634.0,121.1,5.1,0.3,1.53
107684.0,121.1,5.1,0.5,2.55
107734.0,121.1,5.1,0.5,2.55
107784.0,121.1,5.1,0.5,2.55
107834.0,121.1,5.1,0.5,2.55
107884.0,121.1,5.1,0.5,2.55
107934.0,121.1,5.1,0.4,2.04
107984.0,121.1,5.1,0.4,2.04
108034.0,121.1,5.1,0.2,1.02
108084.0,121.1,5.1,0.3,1.53
108134.0,121.1,5.1,0.3,1.53
108184.0,121.1,5.1,0.7,3.57
108234.0,121.1,5.1,0.2,1.02
108284.0,121.1,5.1,0.6,3.06
108334.0,121.1,5.1,0.6,3.06
108384.0,121.1,5.1,0.1,0.51
108434.0,121.1,5.11,0.3,1.53
108484.0,121.1,5.1,0.3,1.53
108534.0,121.1,5.1,0.5,2.55
108584.0,121.1,5.1,0.5,2.55
108634.0,121.1,5.1,0.5,2.55
108684.0,121.1,5.1,0.6,3.06
108734.0,121.1,5.1,0.5,2.55
108784.0,121.1,5.1,0.6,3.06
108834.0,121.1,5.1,0.4,2.04
108884.0,121.1,5.1,0.2,1.02
108934.0,121.1,5.1,0.7,3.57
108984.0,121.1,5.1,0.6,3.06
109034.0,121.1,5.1,0.3,1.53
109084.0,121.1,5.11,0.3,1.53
109134.0,121.1,5.11,0.3,1.53
109184.0,121.1,5.1,0.4,2.04
109234.0,121.1,5.1,0.3,1.53
109284.0,121.1,5.1,0.2,1.02
109334.0,121.1,5.1,0.4,2.04
109384.0,121.1,5.1,0.1,0.51
109434.0,121.1,5.1,0.5,2.55
109484.0,121.1,5.1,0.5,2.55
109534.0,121.1,5.1,0.4,2.04
109584.0,121.1,5.1,0.4,2.04
109634.0,121.1,5.1,0.3,1.53
109684.0,121.1,5.1,0.3,1.53
109734.0,121.1,5.1,0.5,2.55
109784.0,121.1,5.1,0.3,1.53
109834.0,121.1,5.1,0.1,0.51
109884.0,121.1,5.1,0.3,1.53
109934.0,121.1,5.1,0.6,3.06
109984.0,121.1,5.1,0.1,0.51
110034.0,121.1,5.1,0.5,2.55
110084.0,121.1,5.1,0.5,2.55
110134.0,121.1,5.1,0.2,1.02
110184.0,121.1,5.1,0.4,2.04
110234.0,121.1,5.1,0.4,2.04
110284.0,121.1,5.1,0.3,1.53
110334.0,121.1,5.1,0.4,2.04
110384.0,121.1,5.1,0.5,2.55
110434.0,121.1,5.11,0.4,2.04
110484.0,121.1,5.11,0.1,0.51
110534.0,121.1,5.1,0.7,3.57
110584.0,121.1,5.1,0.7,3.57
110634.0,121.1,5.1,0.2,1.02
110684.0,121.1,5.1,0.6,3.06
110734.0,121.1,5.1,0.3,1.53
110784.0,121.1,5.1,0.3,1.53
110834.0,121.1,5.1,0.6,3.06
110884.0,121.1,5.1,0.3,1.53
110934.0,121.1,5.1,0.2,1.02
110984.0,121.1,5.1,0.1,0.51
111034.0,121.1,5.1,0.5,2.55
111084.0,121.1,5.1,0.3,1.53
111134.0,121.1,5.1,0.3,1.53
111184.0,121.1,5.1,0.6,3.06
111234.0,121.1,5.11,0.2,1.02
111284.0,121.1,5.1,0.4,2.04
111334.0,121.1,5.1,0.4,2.04
111384.0,121.1,5.1,0.2,1.02
111434.0,121.1,5.1,0.7,3.57
111484.0,121.1,5.1,0.4,2.04
111534.0,121.1,5.1,0.2,1.02
111584.0,121.1,5.1,0.2,1.02
111634.0,121.1,5.1,0.3,1.53
111684.0,121.1,5.1,0.4,2.04
111734.0,121.1,5.1,0.1,0.51
111784.0,121.1,5.1,0.6,3.06
111834.0,121.1,5.1,0.8,4.08
111884.0,121.1,5.11,0.3,1.53
111934.0,121.1,5.1,0.5,2.55
111984.0,121.1,5.1,0.3,1.53
112034.0,121.1,5.1,0.2,1.02
112084.0,121.1,5.1,0.2,1.02
112134.0,121.1,5.1,0.3,1.53
112184.0,121.1,5.1,0.1,0.51
112234.0,121.1,5.11,0.2,1.02
112284.0,121.1,5.1,0.5,2.55
112334.0,121.1,5.11,0.3,1.53
112384.0,121.1,5.11,0.2,1.02
112434.0,121.1,5.1,0.5,2.55
112484.0,121.1,5.1,0.5,2.55
112534.0,121.1,5.1,0.4,2.04
112584.0,121.1,5.1,0.5,2.55
112634.0,121.1,5.1,0.3,1.53
112684.0,121.1,5.1,0.2,1.02
112734.0,121.1,5.1,0.3,1.53
112784.0,121.1,5.1,0.2,1.02
112834.0,121.1,5.11,0.5,2.55
112884.0,121.1,5.1,0.4,2.04
112934.0,121.1,5.1,0.5,2.55
112984.0,121.1,5.1,0.3,1.53
113034.0,121.1,5.1,0.3,1.53
113084.0,121.1,5.1,0.2,1.02
113134.0,121.1,5.1,0.1,0.51
113184.0,121.1,5.1,0.3,1.53
113234.0,121.1,5.1,0.5,2.55
113284.0,121.1,5.1,0.4,2.04
113334.0,121.1,5.1,0.6,3.06
113384.0,121.1,5.1,0.4,2.04
113434.0,121.1,5.11,0.3,1.53
113484.0,121.1,5.1,0.5,2.55
113534.0,121.1,5.1,0.4,2.04
113584.0,121.1,5.1,0.3,1.53
113634.0,121.1,5.11,0.3,1.53
113684.0,121.1,5.1,0.4,2.04
113734.0,121.1,5.1,0.7,3.57
113784.0,121.1,5.1,0.2,1.02
113834.0,121.1,5.1,0.5,2.55
113884.0,121.1,5.1,0.3,1.53
113934.0,121.1,5.1,0.2,1.02
113984.0,121.1,5.1,0.5,2.55
114034.0,121.1,5.1,0.4,2.04
114084.0,121.1,5.11,0.2,1.02
114134.0,121.1,5.1,0.4,2.04
114184.0,121.1,5.1,0.4,2.04
114234.0,121.1,5.1,0.1,0.51
114284.0,121.1,5.1,0.4,2.04
114334.0,121.1,5.11,0.4,2.04
114384.0,121.1,5.1,0.1,0.51
114434.0,121.1,5.1,0.3,1.53
114484.0,121.1,5.1,0.5,2.55
114534.0,121.1,5.1,0.3,1.53
114584.0,121.1,5.1,0.4,2.04
114634.0,121.1,5.1,0.2,1.02
114684.0,121.1,5.1,0.4,2.04
114734.0,121.1,5.1,0.3,1.53
114784.0,121.1,5.1,0.8,4.08
114834.0,121.1,5.1,0.3,1.53
114884.0,121.1,5.1,0.0,0.0
114934.0,121.1,5.11,0.5,2.55
114984.0,121.1,5.1,0.2,1.02
115034.0,121.1,5.1,0.4,2.04
115084.0,121.1,5.1,0.7,3.57
115134.0,121.1,5.1,0.6,3.06
115184.0,121.1,5.1,0.5,2.55
115234.0,121.1,5.1,0.3,1.53
115284.0,121.1,5.1,0.5,2.55
115334.0,121.1,5.1,0.2,1.02
115384.0,121.1,5.1,0.6,3.06
115434.0,121.1,5.1,0.2,1.02
115484.0,121.1,5.1,0.5,2.55
115534.0,121.1,5.1,0.8,4.08
115584.0,121.1,5.1,0.6,3.06
115634.0,121.1,5.1,0.8,4.08
115684.0,121.1,5.11,0.5,2.55
115734.0,121.1,5.1,0.3,1.53
115784.0,121.1,5.1,0.2,1.02
115834.0,121.1,5.1,0.4,2.04
115884.0,121.1,5.1,0.4,2.04
115934.0,121.1,5.11,0.5,2.55
115984.0,121.1,5.11,0.2,1.02
116034.0,121.1,5.1,0.5,2.55
116084.0,121.1,5.1,0.3,1.53
116134.0,121.1,5.11,0.3,1.53
116184.0,121.1,5.1,0.5,2.55
116234.0,121.1,5.1,0.3,1.53
116284.0,121.1,5.1,0.5,2.55
116334.0,121.1,5.1,0.5,2.55
116384.0,121.1,5.1,0.3,1.53
116434.0,121.1,5.1,0.2,1.02
116484.0,121.1,5.1,0.3,1.53
116534.0,121.1,5.1,0.6,3.06
116584.0,121.1,5.1,0.3,1.53
116634.0,121.1,5.1,0.6,3.06
116684.0,121.1,5.1,0.2,1.02
116734.0,121.1,5.1,0.2,1.02
116784.0,121.1,5.1,0.6,3.06
116834.0,121.1,5.1,0.5,2.55
116884.0,121.1,5.11,0.3,1.53
116934.0,121.1,5.1,0.4,2.04
116984.0,121.1,5.1,0.4,2.04
117034.0,121.1,5.1,0.2,1.02
117084.0,121.1,5.1,0.2,1.02
117134.0,121.1,5.11,0.3,1.53
117184.0,121.1,5.1,0.3,1.53
117234.0,121.1,5.1,0.2,1.02
117284.0,121.1,5.1,0.2,1.02
117334.0,121.1,5.1,0.5,2.55
117384.0,121.1,5.1,0.2,1.02
117434.0,121.1,5.1,0.7,3.57
117484.0,121.1,5.1,0.5,2.55
117534.0,121.1,5.1,0.1,0.51
117584.0,121.1,5.1,0.4,2.04
117634.0,121.1,5.1,0.5,2.55
117684.0,121.1,5.1,0.5,2.55
117734.0,121.1,5.11,0.4,2.04
117784.0,121.1,5.1,0.4,2.04
117834.0,121.1,5.1,0.6,3.06
117884.0,121.1,5.1,0.1,0.51
117934.0,121.1,5.1,0.4,2.04
117984.0,121.1,5.1,0.1,0.51
118034.0,121.1,5.1,0.1,0.51
118084.0,121.1,5.1,0.1,0.51
118134.0,121.1,5.1,0.1,0.51
118184.0,121.1,5.1,0.5,2.55
118234.0,121.1,5.1,0.2,1.02
118284.0,121.1,5.1,0.2,1.02
118334.0,121.1,5.1,0.1,0.51
118384.0,121.1,5.1,0.5,2.55
118434.0,121.1,5.1,0.2,1.02
118484.0,121.1,5.1,0.3,1.53
118534.0,121.1,5.1,0.2,1.02
118584.0,121.1,5.1,0.5,2.55
118634.0,121.1,5.1,0.4,2.04
118684.0,121.1,5.1,0.4,2.04
118734.0,121.1,5.1,0.4,2.04
118784.0,121.1,5.1,0.2,1.02
118834.0,121.1,5.1,0.4,2.04
118884.0,121.1,5.1,0.3,1.53
118934.0,121.1,5.1,0.1,0.51
118984.0,121.1,5.11,0.5,2.55
119034.0,121.1,5.1,0.6,3.06
119084.0,121.1,5.1,0.7,3.57
119134.0,121.1,5.1,0.5,2.55
119184.0,121.1,5.1,0.2,1.02
119234.0,121.1,5.1,0.7,3.57
119284.0,121.1,5.11,0.4,2.04
119334.0,121.1,5.1,0.1,0.51
119384.0,121.1,5.1,0.2,1.02
119434.0,121.1,5.1,0.3,1.53
119484.0,121.1,5.1,0.4,2.04
119534.0,121.1,5.1,0.4,2.04
119584.0,121.1,5.1,0.1,0.51
119634.0,121.1,5.1,0.4,2.04
119684.0,121.1,5.1,0.2,1.02
119734.0,121.1,5.1,0.3,1.53
119784.0,121.1,5.1,0.1,0.51
119834.0,121.1,5.1,0.2,1.02
119884.0,121.1,5.1,0.4,2.04
119934.0,121.1,5.1,0.5,2.55
119984.0,121.1,5.1,0.3,1.53
120034.0,121.1,5.1,0.5,2.55
120084.0,121.1,5.1,0.2,1.02
120134.0,121.1,5.1,0.6,3.06
120184.0,121.1,5.1,0.5,2.55
120234.0,121.1,5.1,0.3,1.53
120284.0,121.1,5.1,0.3,1.53
120334.0,121.1,5.1,0.2,1.02
120384.0,121.1,5.1,0.3,1.53
120434.0,121.1,5.1,0.6,3.06
120484.0,121.1,5.1,0.4,2.04
120534.0,121.1,5.1,0.2,1.02
120584.0,121.1,5.1,0.6,3.06
120634.0,121.1,5.11,0.6,3.06
120684.0,121.1,5.1,0.3,1.53
120734.0,121.1,5.1,0.6,3.06
120784.0,121.1,5.1,0.1,0.51
120834.0,121.1,5.1,0.4,2.04
120884.0,121.1,5.1,0.4,2.04
120934.0,121.1,5.1,0.4,2.04
120984.0,121.1,5.1,0.3,1.53
121034.0,121.1,5.1,0.3,1.53
121084.0,121.1,5.1,0.3,1.53
121134.0,121.1,5.1,0.5,2.55
121184.0,121.1,5.1,0.6,3.06
121234.0,121.1,5.1,0.3,1.53
121284.0,121.1,5.1,0.3,1.53
121334.0,121.1,5.1,0.9,4.59
121384.0,121.1,5.1,0.6,3.06
121434.0,121.1,5.1,0.1,0.51
121484.0,121.1,5.11,0.3,1.53
121534.0,121.1,5.1,0.4,2.04
121584.0,121.1,5.1,0.3,1.53
121634.0,121.1,5.11,0.5,2.55
121684.0,121.1,5.1,0.6,3.06
121734.0,121.1,5.1,0.3,1.53
121784.0,121.1,5.1,0.4,2.04
121834.0,121.1,5.1,0.8,4.08
121884.0,121.1,5.1,0.2,1.02
121934.0,121.1,5.1,0.3,1.53
121984.0,121.1,5.1,0.5,2.55
122034.0,121.1,5.1,0.6,3.06
122084.0,121.1,5.1,0.2,1.02
122134.0,121.1,5.11,0.4,2.04
122184.0,121.1,5.1,0.6,3.06
122234.0,121.1,5.11,0.3,1.53
122284.0,121.1,5.1,0.5,2.55
122334.0,121.1,5.1,0.3,1.53
122384.0,121.1,5.11,0.5,2.55
122434.0,121.1,5.1,0.2,1.02
122484.0,121.1,5.1,0.2,1.02
122534.0,121.1,5.1,0.6,3.06
122584.0,121.1,5.1,0.5,2.55
122634.0,121.1,5.1,0.5,2.55
122684.0,121.1,5.1,0.1,0.51
122734.0,121.1,5.11,0.3,1.53
122784.0,121.1,5.1,0.5,2.55
122834.0,121.1,5.11,0.5,2.55
122884.0,121.1,5.1,0.0,0.0
122934.0,121.1,5.1,0.3,1.53
122984.0,121.1,5.11,0.3,1.53
123034.0,121.1,5.1,0.5,2.55
123084.0,121.1,5.1,0.4,2.04
123134.0,121.1,5.1,0.5,2.55
123184.0,121.1,5.1,0.3,1.53
123234.0,121.1,5.1,0.4,2.04
123284.0,121.1,5.1,0.4,2.04
123334.0,121.1,5.1,0.1,0.51
123384.0,121.1,5.1,0.5,2.55
123434.0,121.1,5.1,0.0,0.0
123484.0,121.1,5.1,0.2,1.02
123534.0,121.1,5.1,0.5,2.55
123584.0,121.1,5.1,0.5,2.55
123634.0,121.1,5.1,0.6,3.06
123684.0,121.1,5.1,0.3,1.53
123734.0,121.1,5.1,0.5,2.55
123784.0,121.1,5.1,0.3,1.53
123834.0,121.1,5.1,0.3,1.53
123884.0,121.1,5.1,0.4,2.04
123934.0,121.1,5.11,0.4,2.04
123984.0,121.1,5.1,0.4,2.04
124034.0,121.1,5.1,0.2,1.02
124084.0,121.1,5.1,0.2,1.02
124134.0,121.1,5.1,0.4,2.04
124184.0,121.1,5.1,0.6,3.06
124234.0,121.1,5.1,0.5,2.55
124284.0,121.1,5.1,0.3,1.53
124334.0,121.1,5.1,0.6,3.06
124384.0,121.1,5.11,0.4,2.04
124434.0,121.1,5.1,0.2,1.02
124484.0,121.1,5.1,0.6,3.06
124534.0,121.1,5.1,0.5,2.55
124584.0,121.1,5.11,0.1,0.51
124634.0,121.1,5.1,0.4,2.04
124684.0,121.1,5.1,0.2,1.02
124734.0,121.1,5.11,0.1,0.51
124784.0,121.1,5.1,0.6,3.06
124834.0,121.1,5.1,0.4,2.04
124884.0,121.1,5.1,0.3,1.53
124934.0,121.1,5.1,0.4,2.04
124984.0,121.1,5.1,0.1,0.51
125034.0,121.1,5.1,0.4,2.04
125084.0,121.1,5.1,0.6,3.06
125134.0,121.1,5.1,0.4,2.04
125184.0,121.1,5.1,0.5,2.55
125234.0,121.1,5.1,0.3,1.53
125284.0,121.1,5.1,0.2,1.02
125334.0,121.1,5.1,0.0,0.0
125384.0,121.1,5.1,0.6,3.06
125434.0,121.1,5.1,0.4,2.04
125484.0,121.1,5.1,0.3,1.53
125534.0,121.1,5.11,0.3,1.53
125584.0,121.1,5.1,0.6,3.06
125634.0,121.1,5.1,0.3,1.53
125684.0,121.1,5.1,0.3,1.53
125734.0,121.1,5.1,0.3,1.53
125784.0,121.1,5.1,0.5,2.55
125834.0,121.1,5.1,0.2,1.02
125884.0,121.1,5.1,0.3,1.53
125934.0,121.1,5.1,0.4,2.04
125984.0,121.1,5.1,0.3,1.53
126034.0,121.1,5.1,0.5,2.55
126084.0,121.1,5.11,0.3,1.53
126134.0,121.1,5.1,0.4,2.04
126184.0,121.1,5.1,0.4,2.04
126234.0,121.1,5.1,0.3,1.53
126284.0,121.1,5.1,0.3,1.53
126334.0,121.1,5.1,0.4,2.04
126384.0,121.1,5.1,0.4,2.04
126434.0,121.1,5.1,0.5,2.55
126484.0,121.1,5.1,0.6,3.06
126534.0,121.1,5.1,0.5,2.55
126584.0,121.1,5.1,0.2,1.02
126634.0,121.1,5.1,0.5,2.55
126684.0,121.1,5.1,0.3,1.53
126734.0,121.1,5.1,0.5,2.55
126784.0,121.1,5.1,0.8,4.08
126834.0,121.1,5.1,0.5,2.55
126884.0,121.1,5.1,0.4,2.04
126934.0,121.1,5.1,0.3,1.53
126984.0,121.1,5.1,0.6,3.06
127034.0,121.1,5.1,0.4,2.04
127084.0,121.1,5.1,0.3,1.53
127134.0,121.1,5.1,0.3,1.53
127184.0,121.1,5.1,0.2,1.02
127234.0,121.1,5.1,0.3,1.53
127284.0,121.1,5.1,0.4,2.04
127334.0,121.1,5.1,0.3,1.53
127384.0,121.1,5.1,0.2,1.02
127434.0,121.1,5.1,0.3,1.53
127484.0,121.1,5.1,0.6,3.06
127534.0,121.1,5.1,0.4,2.04
127584.0,121.1,5.1,0.4,2.04
127634.0,121.1,5.1,0.3,1.53
127684.0,121.1,5.11,0.4,2.04
127734.0,121.1,5.1,0.8,4.08
127784.0,121.1,5.1,0.6,3.06
127834.0,121.1,5.11,0.4,2.04
127884.0,121.1,5.1,0.4,2.04
127934.0,121.1,5.1,0.2,1.02
127984.0,121.1,5.1,0.3,1.53
128034.0,121.1,5.1,0.6,3.06
128084.0,121.1,5.1,0.3,1.53
128134.0,121.1,5.1,0.3,1.53
128184.0,121.1,5.1,0.5,2.55
128234.0,121.1,5.1,0.3,1.53
128284.0,121.1,5.1,0.4,2.04
128334.0,121.1,5.1,0.5,2.55
128384.0,121.1,5.1,0.5,2.55
128434.0,121.1,5.1,0.3,1.53
128484.0,121.1,5.1,0.5,2.55
128534.0,121.1,5.1,0.6,3.06
128584.0,121.1,5.1,0.5,2.55
128634.0,121.1,5.1,0.6,3.06
128684.0,121.1,5.1,0.3,1.53
128734.0,121.1,5.1,0.0,0.0
128784.0,121.1,5.1,0.3,1.53
128834.0,121.1,5.1,0.5,2.55
128884.0,121.1,5.1,0.6,3.06
128934.0,121.1,5.11,0.2,1.02
128984.0,121.1,5.1,0.5,2.55
129034.0,121.1,5.1,0.5,2.55
129084.0,121.1,5.1,0.5,2.55
129134.0,121.1,5.1,0.7,3.57
129184.0,121.1,5.1,0.2,1.02
129234.0,121.1,5.1,0.4,2.04
129284.0,121.1,5.1,0.4,2.04
129334.0,121.1,5.1,0.2,1.02
129384.0,121.1,5.1,0.3,1.53
129434.0,121.1,5.1,0.5,2.55
129484.0,121.1,5.1,0.3,1.53
129534.0,121.1,5.1,0.6,3.06
129584.0,121.1,5.1,0.5,2.55
129634.0,121.1,5.1,0.3,1.53
129684.0,121.1,5.11,0.3,1.53
129734.0,121.1,5.1,0.4,2.04
129784.0,121.1,5.1,0.2,1.02
129834.0,121.1,5.1,0.3,1.53
129884.0,121.1,5.1,0.6,3.06
129934.0,121.1,5.1,0.5,2.55
129984.0,121.1,5.11,0.3,1.53
130034.0,121.1,5.1,0.3,1.53
130084.0,121.1,5.1,0.3,1.53
130134.0,121.1,5.1,0.5,2.55
130184.0,121.1,5.1,0.5,2.55
130234.0,121.1,5.1,0.4,2.04
130284.0,121.1,5.11,0.2,1.02
130334.0,121.1,5.1,0.4,2.04
130384.0,121.1,5.1,0.5,2.55
130434.0,121.1,5.11,0.4,2.04
130484.0,121.1,5.1,0.3,1.53
130534.0,121.1,5.1,0.2,1.02
130584.0,121.1,5.1,0.4,2.04
130634.0,121.1,5.1,0.0,0.0
130684.0,121.1,5.1,0.3,1.53
130734.0,121.1,5.11,0.4,2.04
130784.0,121.1,5.1,0.3,1.53
130834.0,121.1,5.1,0.2,1.02
130884.0,121.1,5.1,0.3,1.53
130934.0,121.1,5.1,0.1,0.51
130984.0,121.1,5.1,0.7,3.57
131034.0,121.1,5.1,0.1,0.51
131084.0,121.1,5.11,0.3,1.53
131134.0,121.1,5.1,0.5,2.55
131184.0,121.1,5.1,0.2,1.02
131234.0,121.1,5.1,0.1,0.51
131284.0,121.1,5.1,0.4,2.04
131334.0,121.1,5.1,0.6,3.06
131384.0,121.1,5.1,0.2,1.02
131434.0,121.1,5.1,0.7,3.57
131484.0,121.1,5.1,0.1,0.51
131534.0,121.1,5.1,0.3,1.53
131584.0,121.1,5.1,0.5,2.55
131634.0,121.1,5.1,0.6,3.06
131684.0,121.1,5.1,0.1,0.51
131734.0,121.1,5.1,0.3,1.53
131784.0,121.1,5.1,0.2,1.02
131834.0,121.1,5.1,0.6,3.06
131884.0,121.1,5.1,0.5,2.55
131934.0,121.1,5.1,0.4,2.04
131984.0,121.1,5.1,0.7,3.57
132034.0,121.1,5.1,0.2,1.02
132084.0,121.1,5.1,0.4,2.04
132134.0,121.1,5.1,0.3,1.53
132184.0,121.1,5.1,0.5,2.55
132234.0,121.1,5.1,0.5,2.55
132284.0,121.1,5.11,0.3,1.53
132334.0,121.1,5.1,0.5,2.55
132384.0,121.1,5.1,0.3,1.53
132434.0,121.1,5.1,0.4,2.04
132484.0,121.1,5.1,0.1,0.51
132534.0,121.1,5.1,0.5,2.55
132584.0,121.1,5.1,0.3,1.53
132634.0,121.1,5.1,0.3,1.53
132684.0,121.1,5.1,0.2,1.02
132734.0,121.1,5.1,0.5,2.55
132784.0,121.1,5.1,0.1,0.51
132834.0,121.1,5.1,0.5,2.55
132884.0,121.1,5.1,0.7,3.57
132934.0,121.1,5.1,0.5,2.55
132984.0,121.1,5.1,0.4,2.04
133034.0,121.1,5.1,0.5,2.55
133084.0,121.1,5.1,0.1,0.51
133134.0,121.1,5.1,0.7,3.57
133184.0,121.1,5.1,0.5,2.55
133234.0,121.1,5.1,0.2,1.02
133284.0,121.1,5.1,0.4,2.04
133334.0,121.1,5.1,0.3,1.53
133384.0,121.1,5.1,0.4,2.04
133434.0,121.1,5.1,0.3,1.53
133484.0,121.1,5.1,0.5,2.55
133534.0,121.1,5.1,0.3,1.53
133584.0,121.1,5.1,0.4,2.04
133634.0,121.1,5.1,0.4,2.04
133684.0,121.1,5.1,0.2,1.02
133734.0,121.1,5.1,0.4,2.04
133784.0,121.1,5.1,0.4,2.04
133834.0,121.1,5.1,0.2,1.02
133884.0,121.1,5.1,0.6,3.06
133934.0,121.1,5.1,0.5,2.55
133984.0,121.1,5.1,0.3,1.53
134034.0,121.1,5.1,0.3,1.53
134084.0,121.1,5.1,0.2,1.02
134134.0,121.1,5.1,0.4,2.04
134184.0,121.1,5.1,0.4,2.04
134234.0,121.1,5.1,0.6,3.06
134284.0,121.1,5.1,0.4,2.04
134334.0,121.1,5.1,0.7,3.57
134384.0,121.1,5.1,0.7,3.57
134434.0,119.9,5.03,11.2,56.36
134484.0,117.0,5.06,38.3,193.8
134534.0,113.7,5.08,17.2,87.38
134584.0,110.4,5.02,17.6,88.42
134634.0,107.1,5.09,44.8,228.12
134684.0,103.9,5.04,8.5,42.84
134734.0,100.6,5.05,40.6,205.11
134784.0,97.3,5.08,17.4,88.46
134834.0,94.0,5.01,20.5,102.75
134884.0,90.7,5.09,45.8,233.21
134934.0,87.4,5.04,7.9,39.82
134984.0,84.6,5.06,44.4,224.49
135034.0,81.3,5.08,17.7,89.99
135084.0,78.0,5.02,20.0,100.32
135134.0,75.1,5.09,14.3,72.82
135184.0,72.2,5.04,23.9,120.46
135234.0,69.0,5.06,42.2,213.53
135284.0,66.1,5.08,9.9,50.29
135334.0,63.2,5.02,47.6,238.76
135384.0,59.9,5.09,14.2,72.25
135434.0,57.1,5.04,25.5,128.52
135484.0,54.2,5.06,38.7,195.98
135534.0,51.3,5.08,10.8,54.86
135584.0,48.0,5.02,46.1,231.24
135634.0,45.2,5.09,13.8,70.27
135684.0,42.3,5.02,25.6,128.41
135734.0,39.0,5.09,38.2,194.51
135784.0,36.1,5.02,11.2,56.22
135834.0,33.3,5.07,48.3,244.78
135884.0,30.0,5.08,15.3,77.66
135934.0,27.1,5.02,25.2,126.5
135984.0,24.2,5.09,38.9,198.08
136034.0,20.9,5.02,10.9,54.76
136084.0,18.1,5.07,44.8,227.23
136134.0,15.2,5.08,17.0,86.29
136184.0,12.3,5.01,26.8,134.32
136234.0,9.0,5.09,39.0,198.59
136284.0,6.2,5.03,10.2,51.29
136334.0,3.3,5.06,49.4,250.16
136384.0,0.4,5.08,17.1,86.8
136434.0,-1.2,5.1,0.3,1.53
136484.0,-1.2,5.11,0.7,3.58
136534.0,-1.2,5.1,0.3,1.53
136584.0,-1.2,5.1,0.1,0.51
136634.0,-1.2,5.1,0.4,2.04
136684.0,-1.2,5.1,0.3,1.53
136734.0,-1.2,5.1,0.4,2.04
136784.0,-1.2,5.1,0.4,2.04
136834.0,-1.2,5.1,0.1,0.51
136884.0,-1.2,5.1,0.4,2.04
136934.0,-1.2,5.1,0.3,1.53
136984.0,-1.2,5.1,0.3,1.53
137034.0,-1.2,5.11,0.6,3.06
137084.0,-1.2,5.1,0.3,1.53
137134.0,-1.2,5.1,0.3,1.53
137184.0,-1.2,5.1,0.8,4.08
137234.0,-1.2,5.1,0.4,2.04
137284.0,-1.2,5.1,0.5,2.55
137334.0,-1.2,5.1,0.3,1.53
137384.0,-1.2,5.11,0.4,2.04
137434.0,-1.2,5.1,0.4,2.04
137484.0,-1.2,5.1,0.3,1.53
137534.0,-1.2,5.11,0.2,1.02
137584.0,-1.2,5.1,0.3,1.53
137634.0,-1.2,5.1,0.5,2.55
137684.0,-1.2,5.1,0.8,4.08
137734.0,-1.2,5.1,0.4,2.04
137784.0,-1.2,5.1,0.3,1.53
137834.0,-1.2,5.1,0.4,2.04
137884.0,-1.2,5.1,0.6,3.06
137934.0,-1.2,5.1,0.7,3.57
137984.0,-1.2,5.1,0.5,2.55
138034.0,-1.2,5.1,0.4,2.04
138084.0,-1.2,5.1,0.4,2.04
138134.0,-1.2,5.1,0.4,2.04
138184.0,-1.2,5.11,0.1,0.51
138234.0,-1.2,5.1,0.6,3.06
138284.0,-1.2,5.1,0.3,1.53
138334.0,-1.2,5.1,0.3,1.53
138384.0,-1.2,5.1,0.6,3.06
138434.0,-1.2,5.1,0.2,1.02
138484.0,-1.2,5.1,0.0,0.0
138534.0,-1.2,5.1,0.3,1.53
138584.0,-1.2,5.1,0.2,1.02
138634.0,-1.2,5.1,0.7,3.57
138684.0,-1.2,5.1,0.2,1.02
138734.0,-1.2,5.1,0.3,1.53
138784.0,-1.2,5.1,0.5,2.55
138834.0,-1.2,5.1,0.1,0.51
138884.0,-1.2,5.1,0.3,1.53
138934.0,-1.2,5.1,0.4,2.04
138984.0,-1.2,5.1,0.3,1.53
139034.0,-1.2,5.1,0.5,2.55
139084.0,-1.2,5.1,0.4,2.04
139134.0,-1.2,5.1,0.3,1.53
139184.0,-1.2,5.1,0.4,2.04
139234.0,-1.2,5.11,0.4,2.04
139284.0,-1.2,5.1,0.1,0.51
139334.0,-1.2,5.11,0.3,1.53
139384.0,-1.2,5.1,0.5,2.55
139434.0,-1.2,5.1,0.4,2.04
139484.0,-1.2,5.1,0.3,1.53
139534.0,-1.2,5.1,0.4,2.04
139584.0,-1.2,5.1,0.6,3.06
139634.0,-1.2,5.1,0.2,1.02
139684.0,-1.2,5.1,0.2,1.02
139734.0,-1.2,5.1,0.3,1.53
139784.0,-1.2,5.1,0.5,2.55
139834.0,-1.2,5.1,0.7,3.57
139884.0,-1.2,5.1,0.4,2.04
139934.0,-1.2,5.1,0.4,2.04
139984.0,-1.2,5.1,0.5,2.55
140034.0,-1.2,5.1,0.4,2.04
140084.0,-1.2,5.1,0.4,2.04
140134.0,-1.2,5.1,0.2,1.02
140184.0,-1.2,5.1,0.7,3.57
140234.0,-1.2,5.1,0.5,2.55
140284.0,-1.2,5.1,0.4,2.04
140334.0,-1.2,5.1,0.1,0.51
140384.0,-1.2,5.1,0.0,0.0
140434.0,-1.2,5.1,0.2,1.02
140484.0,-1.2,5.1,0.4,2.04
140534.0,-1.2,5.1,0.4,2.04
140584.0,-1.2,5.11,0.3,1.53
140634.0,-1.2,5.1,0.5,2.55
140684.0,-1.2,5.1,0.1,0.51
140734.0,-1.2,5.1,0.3,1.53
140784.0,-1.2,5.1,0.5,2.55
140834.0,-1.2,5.11,0.5,2.55
140884.0,-1.2,5.1,0.2,1.02
140934.0,-1.2,5.1,0.2,1.02
140984.0,-1.2,5.1,0.7,3.57
141034.0,-1.2,5.1,0.5,2.55
141084.0,-1.2,5.1,0.5,2.55
141134.0,-1.2,5.1,0.2,1.02
141184.0,-1.2,5.1,0.1,0.51
141234.0,-1.2,5.1,0.5,2.55
141284.0,-1.2,5.1,0.4,2.04
141334.0,-1.2,5.11,0.5,2.55
141384.0,-1.2,5.1,0.3,1.53
141434.0,-1.2,5.1,0.3,1.53
141484.0,-1.2,5.1,0.5,2.55
141534.0,-1.2,5.1,0.4,2.04
141584.0,-1.2,5.1,0.2,1.02
141634.0,-1.2,5.1,0.6,3.06
141684.0,-1.2,5.1,0.5,2.55
141734.0,-1.2,5.1,0.4,2.04
141784.0,-1.2,5.1,0.5,2.55
141834.0,-1.2,5.11,0.4,2.04
141884.0,-1.2,5.1,0.4,2.04
141934.0,-1.2,5.1,0.6,3.06
141984.0,-1.2,5.1,0.5,2.55
142034.0,-1.2,5.1,0.5,2.55
142084.0,-1.2,5.1,0.1,0.51
142134.0,-1.2,5.1,0.5,2.55
142184.0,-1.2,5.1,0.5,2.55
142234.0,-1.2,5.11,0.4,2.04
142284.0,-1.2,5.1,0.3,1.53
142334.0,-1.2,5.11,0.5,2.55
142384.0,-1.2,5.1,0.5,2.55
142434.0,-1.2,5.1,0.4,2.04
142484.0,-1.2,5.1,0.4,2.04
142534.0,-1.2,5.1,0.6,3.06
142584.0,-1.2,5.1,0.4,2.04
142634.0,-1.2,5.1,0.0,0.0
142684.0,-1.2,5.1,0.6,3.06
142734.0,-1.2,5.11,0.4,2.04
142784.0,-1.2,5.1,0.2,1.02
142834.0,-1.2,5.1,0.3,1.53
142884.0,-1.2,5.1,0.7,3.57
142934.0,-1.2,5.1,0.2,1.02
142984.0,-1.2,5.1,0.4,2.04
143034.0,-1.2,5.1,0.3,1.53
143084.0,-1.2,5.1,0.1,0.51
143134.0,-1.2,5.1,0.5,2.55
143184.0,-1.2,5.1,0.4,2.04
143234.0,-1.2,5.1,0.1,0.51
143284.0,-1.2,5.1,0.5,2.55
143334.0,-1.2,5.1,0.4,2.04
143384.0,-1.2,5.11,0.3,1.53
143434.0,-1.2,5.1,0.3,1.53
143484.0,-1.2,5.1,0.5,2.55
143534.0,-1.2,5.1,0.3,1.53
143584.0,-1.2,5.1,0.3,1.53
143634.0,-1.2,5.1,0.0,0.0
143684.0,-1.2,5.1,0.4,2.04
143734.0,-1.2,5.1,0.5,2.55
143784.0,-1.2,5.1,0.6,3.06
143834.0,-1.2,5.1,0.3,1.53
143884.0,-1.2,5.1,0.4,2.04
143934.0,-1.2,5.1,0.4,2.04
143984.0,-1.2,5.1,0.3,1.53
144034.0,-1.2,5.1,0.1,0.51
144084.0,-1.2,5.1,0.4,2.04
144134.0,-1.2,5.1,0.5,2.55
144184.0,-1.2,5.1,0.3,1.53
144234.0,-1.2,5.1,0.2,1.02
144284.0,-1.2,5.1,0.5,2.55
144334.0,-1.2,5.1,0.3,1.53
144384.0,-1.2,5.1,0.3,1.53
144434.0,-1.2,5.1,0.6,3.06
144484.0,-1.2,5.1,0.6,3.06
144534.0,-1.2,5.1,0.5,2.55
144584.0,-1.2,5.1,0.3,1.53
144634.0,-1.2,5.1,0.6,3.06
144684.0,-1.2,5.1,0.2,1.02
144734.0,-1.2,5.1,0.1,0.51
144784.0,-1.2,5.1,0.2,1.02
144834.0,-1.2,5.1,0.5,2.55
144884.0,-1.2,5.1,0.2,1.02
144934.0,-1.2,5.1,0.4,2.04
144984.0,-1.2,5.11,0.5,2.55
145034.0,-1.2,5.1,0.5,2.55
145084.0,-1.2,5.1,0.5,2.55
145134.0,-1.2,5.1,0.2,1.02
145184.0,-1.2,5.1,0.6,3.06
145234.0,-1.2,5.1,0.2,1.02
