time,fcnt,angle_current_deg,angle_target_deg,ldr_east_raw,ldr_west_raw,wake_time_s,energy_logic_mWh,energy_motor_idle_mWh,energy_motor_run_mWh,energy_solar_mWh,V_logic_V,I_logic_mA,V_motor_idle_V,I_motor_idle_mA,V_motor_run_V,I_motor_run_mA,V_solar_V,I_solar_mA
2025-08-16 00:22:10.039669776+00:00,152,-91.1,-90,540,1022,0,0.02,0,0,0,4.81,34.52,5.11,0.08,0,0,0.2,0.05
2025-08-16 00:52:12.012167315+00:00,153,-91.1,-90,602,1022,0,0.02,0,0,0,4.81,32.09,5.11,0.08,0,0,0,0
2025-08-16 01:22:13.124889881+00:00,154,-91.1,-90,574,1022,0,0.02,0,0,0,4.8,33.8,5.11,0.04,0,0,0.2,0
2025-08-16 01:52:14.037558979+00:00,155,-91.1,-90,644,1022,0,0.02,0,0,0,4.81,32.67,5.11,0.07,0,0,0.2,0
2025-08-16 02:22:15.053103824+00:00,156,-91.1,-90,676,1022,0,0.02,0,0,0,4.81,33.91,5.11,0.08,0,0,0.22,0.1
2025-08-16 02:52:15.957592329+00:00,157,-91.1,-90,746,1021,0,0.02,0,0,0,4.81,32.25,5.11,0.13,0,0,0,0
2025-08-16 03:22:16.982748220+00:00,158,-91.1,-90,716,1021,0,0.02,0,0,0,4.8,33.98,5.11,0.17,0,0,0.22,0.1
2025-08-16 03:52:17.902883160+00:00,159,-91.1,-90,734,1021,0,0.02,0,0,0,4.81,32.57,5.11,0.07,0,0,0.23,0.1
2025-08-16 04:22:18.868280039+00:00,160,-91.1,-90,708,1018,0,0.02,0,0,0,4.82,30.99,5.11,0.12,0,0,0,0
2025-08-16 04:52:19.936598450+00:00,161,-91.1,-90,680,895,0,0.02,0,0,0,4.8,35.08,5.11,0.07,0,0,2.54,0.05
2025-08-16 05:22:27.770599086+00:00,162,-87.9,-81.8,547,615,7,0.16,0,0.15,0,4.81,31.16,5.11,0.11,5.06,53.61,4.09,0.18
2025-08-16 05:32:31.630980430+00:00,163,-78.5,-79.8,531,515,2,0.1,0,0.02,0,4.81,33.17,5.11,0.1,5.08,69.9,4.13,1
2025-08-16 05:42:34.714348116+00:00,164,-82.1,-77.8,527,492,2,0.08,0,0.02,0,4.81,30.91,5.11,0.08,5.06,71.53,4.14,1.34
2025-08-16 05:52:37.470551913+00:00,165,-74.5,-75.7,506,440,2,0.09,0,0.01,0,4.81,33.44,5.11,0.09,5.06,24.83,4.25,1.85
2025-08-16 06:02:45.549524458+00:00,166,-21.1,-73.7,421,354,7,0.15,0,0.15,0.02,4.81,31.14,5.11,0.07,5.06,58.9,4.29,4.45
2025-08-16 06:12:54.440962827+00:00,167,-13.8,-71.7,441,325,8,0.21,0,0.16,0.03,4.81,32.91,5.11,0.11,5.07,41.61,4.26,6.03
2025-08-16 06:23:03.320058163+00:00,168,-10.4,-69.6,421,307,8,0.21,0,0.2,0.04,4.81,32.69,5.11,0.11,5.07,49.45,4.27,6.77
2025-08-16 06:33:12.305239194+00:00,169,-7.9,-67.6,397,269,8,0.2,0,0.18,0.05,4.81,31.21,5.11,0.11,5.07,44.44,4.26,8.95
2025-08-16 06:43:21.280641348+00:00,170,-5.1,-65.5,409,271,8,0.21,0,0.21,0.05,4.81,32.93,5.11,0.11,5.06,50.51,4.33,9.23
2025-08-16 06:53:30.279282072+00:00,171,-2.1,-63.3,411,272,8,0.21,0,0.21,0.06,4.81,32.69,5.11,0.08,5.06,50.57,4.28,9.71
2025-08-16 07:03:39.281053691+00:00,172,0.6,-61.3,401,247,8,0.21,0,0.22,0.07,4.81,32.84,5.11,0.06,5.07,51.03,4.29,11.85
2025-08-16 07:13:48.314111887+00:00,173,3.2,-59.2,396,223,8,0.22,0,0.18,0.08,4.81,33.16,5.11,0.07,5.07,43.19,4.32,14.02
2025-08-16 07:23:58.353450495+00:00,174,5.1,-57.2,389,243,8,0.22,0,0.22,0.08,4.81,33.28,5.11,0.07,5.08,51.31,4.3,13.11
2025-08-16 07:34:07.334611583+00:00,175,8.7,-55.1,410,197,8,0.22,0,0.24,0.1,4.81,33.22,5.11,0.1,5.07,57.16,4.41,17.51
2025-08-16 07:44:16.315557904+00:00,176,10.9,-53.1,404,210,8,0.22,0,0.19,0.1,4.81,32.99,5.11,0.11,5.06,44.74,4.29,17.76
2025-08-16 07:54:26.205927457+00:00,177,13.8,-50.9,415,221,8,0.22,0,0.2,0.1,4.81,32.92,5.11,0.07,5.07,45.65,4.41,17.01
2025-08-16 08:04:35.278963795+00:00,178,17,-48.8,415,219,8,0.21,0,0.19,0.11,4.81,31.66,5.11,0.09,5.07,43.17,4.38,18.75
2025-08-16 08:14:44.371259687+00:00,179,19.6,-46.8,392,207,8,0.22,0,0.26,0.12,4.81,32.57,5.11,0.08,5.08,59.49,4.35,20.17
2025-08-16 08:24:53.345058179+00:00,180,22.8,-44.7,387,216,8,0.22,0,0.21,0.13,4.8,33.07,5.11,0.07,5.07,48.22,4.4,20.94
2025-08-16 08:35:02.326858672+00:00,181,25.5,-42.7,401,215,8,0.21,0,0.2,0.14,4.81,32.13,5.11,0.12,5.06,46.11,4.44,23.07
2025-08-16 08:45:11.319250466+00:00,182,28.7,-40.7,399,210,8,0.21,0,0.25,0.16,4.81,31.69,5.11,0.1,5.08,55.98,4.4,25.39
2025-08-16 08:55:20.392152733+00:00,183,31.9,-38.6,398,172,8,0.21,0,0.18,0.21,4.81,31.7,5.11,0.09,5.07,40.85,4.63,33.86
2025-08-16 09:05:29.289624414+00:00,184,34.9,-36.4,398,220,8,0.22,0,0.2,0.16,4.81,33.04,5.11,0.08,5.07,43.87,4.42,26.32
2025-08-16 09:15:38.351079561+00:00,185,37.7,-34.3,413,232,8,0.22,0,0.22,0.16,4.81,31.76,5.11,0.09,5.08,49.47,4.44,25.51
2025-08-16 09:25:47.437218092+00:00,186,40.6,-32.3,416,240,8,0.23,0,0.21,0.18,4.81,32.95,5.11,0.1,5.08,46.33,4.45,28.41
2025-08-16 09:35:56.419318215+00:00,187,43.4,-30.3,413,264,8,0.23,0,0.25,0.16,4.81,33.04,5.11,0.1,5.08,54.91,4.43,25.21
2025-08-16 09:46:05.400799107+00:00,188,45.5,-28.2,393,318,8,0.23,0,0.22,0.17,4.81,32.78,5.11,0.07,5.08,47.08,4.35,26.97
2025-08-16 10:06:23.464383410+00:00,190,52.3,-24,396,367,8,0.22,0,0.26,0.15,4.81,31.76,5.11,0.07,5.08,56.11,4.48,22.94
2025-08-16 10:16:32.445310929+00:00,191,54.3,-21.9,335,328,8,0.23,0,0.19,0.17,4.81,33.07,5.11,0.13,5.06,39.66,4.43,26.57
2025-08-16 10:26:41.391083138+00:00,192,58.3,-19.9,363,300,8,0.22,0,0.25,0.22,4.81,31.76,5.11,0.17,5.07,52.31,4.46,33
2025-08-16 10:36:50.511723769+00:00,193,60.6,-17.8,354,275,8,0.24,0,0.18,0.22,4.81,33.27,5.11,0.07,5.07,36.75,4.48,34
2025-08-16 10:47:00.493634381+00:00,194,64,-15.8,387,211,8,0.23,0,0.24,0.32,4.81,32.71,5.11,0.1,5.07,49.17,4.82,45.78
2025-08-16 11:07:14.583496992+00:00,196,5.7,-11.7,136,70,4,0.17,0,0.1,0.12,4.81,33.47,5.11,0.09,5.07,37.39,5.95,22.45
2025-08-16 11:17:19.173487589+00:00,197,22.1,-9.5,95,105,4,0.12,0,0.08,0.24,4.81,31.18,5.11,0.08,5.06,54.41,4.82,61.96
2025-08-16 11:27:24.953918248+00:00,198,33.6,-7.4,137,136,5,0.15,0,0.1,0.23,4.81,33.16,5.12,0.06,5.08,45.64,4.7,53.9
2025-08-16 11:37:29.965912055+00:00,199,18.1,-5.4,120,80,4,0.14,0,0.08,0.1,4.82,31.33,5.11,0.11,5.07,43.45,6.3,22.19
2025-08-16 11:47:34.861029609+00:00,200,25.1,-3.4,138,128,4,0.13,0,0.07,0.19,4.82,31.61,5.12,0.06,5.07,45.58,4.56,50.87
2025-08-16 11:57:38.242495657+00:00,201,-3.6,-1.3,30,45,2,0.11,0,0.02,0.07,4.81,33.07,5.12,0.08,5.09,24.61,6.63,20.19
2025-08-16 12:07:40.794639591+00:00,202,3.8,0.7,23,40,2,0.09,0,0.01,0.02,4.81,33.86,5.12,0.09,5.06,51.8,7.03,4.45
2025-08-16 12:17:43.838687634+00:00,203,1.3,2.8,22,30,2,0.08,0,0.01,0.01,4.82,30.91,5.12,0.08,5.04,97.5,7.05,1.73
2025-08-16 12:27:47.076827711+00:00,204,0.4,4.8,35,56,2,0.09,0,0.02,0.03,4.82,30.74,5.12,0.09,5.05,62.85,6.84,8.17
2025-08-16 12:37:50.388993791+00:00,205,16.2,6.8,73,100,2,0.1,0,0.02,0.17,4.81,34.18,5.12,0.11,5.07,49.88,4.47,61.29
2025-08-16 12:47:53.969833946+00:00,206,-6.6,8.9,59,88,3,0.1,0,0.03,0.16,4.82,31.3,5.12,0.09,5.06,43.23,4.44,55.14
2025-08-16 12:57:56.991061947+00:00,207,14.3,10.9,99,111,2,0.1,0,0.01,0.15,4.81,33.12,5.12,0.08,5.07,21.24,4.51,52.59
2025-08-16 13:07:59.674452937+00:00,208,11.3,12.9,71,75,2,0.09,0,0,0.01,4.81,33.84,5.11,0.09,5.03,57.9,6.92,4.06
2025-08-16 13:18:04.747049317+00:00,209,-13.4,15,42,59,4,0.12,0,0.06,0.05,4.81,33.71,5.12,0.05,5.06,52.68,6.86,10.64
2025-08-16 13:28:10.313182816+00:00,210,-11.9,17,34,54,4,0.15,0,0.08,0.11,4.81,33.43,5.12,0.12,5.08,43.8,6.39,23.82
2025-08-16 13:38:15.290885202+00:00,211,-10,19.1,44,63,4,0.14,0,0.1,0.09,4.82,31.32,5.12,0.07,5.08,52.02,6.34,20.38
2025-08-16 13:48:20.269741602+00:00,212,-7.9,21.3,51,59,4,0.15,0,0.1,0.12,4.82,33.9,5.12,0.08,5.07,51.16,6.45,25.24
2025-08-16 13:58:25.243777340+00:00,213,-5.3,23.3,30,49,4,0.15,0,0.08,0.11,4.81,33.96,5.12,0.07,5.07,44.04,6.37,25.89
2025-08-16 14:08:29.423212217+00:00,214,8.9,25.4,68,88,3,0.13,0,0.05,0.21,4.81,33.42,5.12,0.11,5.07,35.74,4.54,59.2
2025-08-16 14:18:35.779426663+00:00,215,-11.7,27.4,55,73,5,0.15,0,0.12,0.08,4.81,33.03,5.12,0.06,5.07,62.76,6.15,17.19
2025-08-16 14:28:43.067921706+00:00,216,-23.4,29.5,62,80,6,0.18,0,0.13,0.24,4.82,33.24,5.11,0.11,5.08,43.13,4.54,48.72
2025-08-16 14:38:50.676801913+00:00,217,-25.7,31.5,66,81,7,0.18,0,0.15,0.24,4.82,31.41,5.12,0.05,5.07,42.61,4.58,45
2025-08-16 14:48:55.222233338+00:00,218,42.3,33.5,235,255,3,0.14,0,0.05,0.14,4.81,32.81,5.11,0.12,5.09,26.98,4.37,34.9
2025-08-16 14:58:57.806707254+00:00,219,33.6,35.6,229,209,2,0.09,0,0.01,0.08,4.82,30.56,5.11,0.03,5.06,32.7,4.32,33.31
2025-08-16 15:09:01.582146794+00:00,220,26.8,37.6,217,226,3,0.1,0,0.04,0.07,4.81,33.14,5.11,0.09,5.08,58.88,4.36,22.91
2025-08-16 15:19:06.258631338+00:00,221,21.1,39.6,167,176,3,0.12,0,0.07,0.03,4.82,34.1,5.11,0.09,5.08,57.81,6.07,9.22
2025-08-16 15:29:10.435933649+00:00,222,23.2,41.7,165,168,3,0.12,0,0.08,0.04,4.82,31.54,5.11,0.11,5.08,61.35,5.97,11.02
2025-08-16 15:49:18.617287437+00:00,224,23.8,46,154,153,4,0.13,0,0.07,0.05,4.82,33.03,5.11,0.08,5.06,48.73,5.99,12.03
2025-08-16 15:59:23.177773227+00:00,225,33,48,172,177,3,0.12,0,0.07,0.05,4.82,31.54,5.11,0.11,5.07,58.28,6.05,12.5
2025-08-16 16:09:26.971099477+00:00,226,35.1,50,179,184,3,0.11,0,0.06,0.11,4.82,31.1,5.11,0.07,5.08,56.32,4.53,33.61
2025-08-16 16:19:31.332306322+00:00,227,33.8,52.1,177,189,3,0.11,0,0.05,0.11,4.82,30.75,5.11,0.08,5.07,45.73,4.4,31.86
2025-08-16 16:29:35.111631875+00:00,228,39.1,54.1,170,182,3,0.12,0,0.06,0.04,4.82,33.59,5.11,0.07,5.07,55.94,6.17,11.32
2025-08-16 16:39:38.986756742+00:00,229,41.5,56.2,111,137,3,0.11,0,0.05,0.04,4.82,30.95,5.11,0.08,5.07,46.67,6.51,8.77
2025-08-16 16:49:43.862861410+00:00,230,33.2,58.2,102,119,4,0.12,0,0.09,0.05,4.82,31.12,5.11,0.11,5.07,64.33,6.41,11.12
2025-08-16 16:59:49.794463147+00:00,231,24.3,60.2,103,123,5,0.15,0,0.11,0.07,4.82,33.05,5.11,0.12,5.07,50.4,5.79,15.05
2025-08-16 17:09:55.155835878+00:00,232,36.4,62.3,161,166,4,0.14,0,0.08,0.13,4.82,31.28,5.11,0.05,5.08,38.9,4.4,31.34
2025-08-16 17:20:00.513144879+00:00,233,32.1,64.3,179,191,5,0.14,0,0.09,0.1,4.82,30.97,5.11,0.09,5.07,40.89,4.39,25.26
2025-08-16 17:30:08.086371665+00:00,234,17,66.4,174,172,6,0.18,0,0.12,0.12,4.82,33.32,5.12,0.11,5.07,41.91,4.39,23.88
2025-08-16 17:40:15.455109858+00:00,235,17.9,68.4,165,171,7,0.19,0,0.14,0.12,4.82,32.93,5.12,0.1,5.07,41.78,4.46,23.07
2025-08-16 17:50:24.536703495+00:00,236,5.5,70.6,190,198,8,0.21,0,0.18,0.1,4.82,33.27,5.11,0.12,5.08,43.78,4.35,17.24
2025-08-16 18:00:33.519946596+00:00,237,11.5,73,190,212,8,0.21,0,0.2,0.08,4.82,31.57,5.11,0.09,5.08,46.92,4.34,14.08
2025-08-16 18:10:42.699051724+00:00,238,10.2,75.1,236,273,8,0.21,0,0.17,0.05,4.82,31.55,5.11,0.06,5.07,40.05,4.29,9
2025-08-16 18:20:51.479468942+00:00,239,16.2,77.1,262,278,8,0.22,0,0.21,0.06,4.82,32.79,5.11,0.05,5.08,49.75,4.27,9.99
2025-08-16 18:31:01.393896624+00:00,240,17.9,79.1,326,342,8,0.21,0,0.2,0.04,4.82,31.76,5.11,0.06,5.07,47.05,4.28,6.3
2025-08-16 18:41:10.143870692+00:00,241,24,81.2,383,412,7,0.2,0,0.15,0.02,4.82,31.14,5.11,0.08,5.06,36.4,4.29,4.35
2025-08-16 18:51:18.624279142+00:00,242,18.9,83.2,409,488,8,0.21,0,0.21,0.01,4.81,31.73,5.11,0.06,5.07,51.04,4.25,2.21
2025-08-16 19:01:27.821787641+00:00,243,21.7,85.5,413,588,8,0.22,0,0.21,0.01,4.81,32.57,5.11,0.06,5.07,47.07,4.2,1.36
2025-08-16 19:11:36.677091372+00:00,244,22.6,87.5,408,742,8,0.22,0,0.23,0,4.81,32.77,5.11,0.1,5.07,51.76,4.02,0.15
2025-08-16 19:21:40.263242883+00:00,245,-91.1,-90,465,844,2,0.12,0,0.11,0,4.81,31.49,5.11,0.08,5.08,32.62,3.37,0.1
2025-08-16 19:51:41.782213195+00:00,246,-91.1,-90,525,1020,0,0.02,0,0,0,4.81,28.87,5.11,0.05,0,0,0.43,0.05
2025-08-16 20:21:42.801744249+00:00,247,-91.1,-90,553,1022,0,0.02,0,0,0,4.81,29.24,5.11,0.15,0,0,0.2,0.05
2025-08-16 20:51:43.676907271+00:00,248,-91.1,-90,558,1022,0,0.02,0,0,0,4.8,30.86,5.11,0.05,0,0,0.19,0.07
2025-08-16 21:21:44.750274937+00:00,249,-91.1,-90,577,1023,0,0.02,0,0,0,4.81,28.54,5.11,0.13,0,0,0.2,0.07
2025-08-16 21:51:45.670931978+00:00,250,-91.1,-90,572,1022,0,0.02,0,0,0,4.81,30.26,5.11,0.13,0,0,0.2,0.03
2025-08-16 22:21:46.693473327+00:00,251,-91.1,-90,588,1022,0,0.02,0,0,0,4.81,29.9,5.11,0.03,0,0,0.2,0
2025-08-16 22:51:47.574813088+00:00,252,-91.1,-90,610,1022,0,0.02,0,0,0,4.81,29.28,5.11,0.05,0,0,0.2,0.1
2025-08-16 23:21:48.557980070+00:00,253,-91.1,-90,603,1022,0,0.02,0,0,0,4.8,31.49,5.11,0.03,0,0,0.2,0
2025-08-16 23:51:49.528219943+00:00,254,-91.1,-90,622,1022,0,0.02,0,0,0,4.81,27.74,5.11,0.08,0,0,0,0
2025-08-17 00:21:51.501481909+00:00,255,-91.1,-90,612,1022,0,0.02,0,0,0,4.8,29.22,5.11,0.2,0,0,0.2,0
2025-08-17 00:51:52.529281427+00:00,256,-91.1,-90,658,1022,0,0.02,0,0,0,4.8,31.14,0,0,0,0,0,0
2025-08-17 01:21:53.458341308+00:00,257,-91.1,-90,705,1021,0,0.02,0,0,0,4.79,31.15,5.11,0.13,0,0,0.2,0.05
2025-08-17 01:51:54.215313842+00:00,258,-91.1,-90,712,1022,0,0.02,0,0,0,4.8,29.56,5.11,0.02,0,0,0,0
2025-08-17 02:21:55.304265219+00:00,259,-91.1,-90,777,1022,0,0.02,0,0,0,4.8,28.06,5.11,0.08,0,0,0.2,0.1
2025-08-17 02:51:56.163838073+00:00,260,-91.1,-90,840,1021,0,0.02,0,0,0,4.8,27.31,5.11,0.08,0,0,0.21,0.06
2025-08-17 03:21:57.148818266+00:00,261,-91.1,-90,1022,1022,0,0.02,0,0,0,4.8,29.65,5.11,0.05,0,0,0.21,0
2025-08-17 03:51:58.126004190+00:00,262,-91.1,-90,843,1022,0,0.02,0,0,0,4.79,30.6,5.11,0.03,0,0,0.25,0.2
2025-08-17 04:21:59.110984334+00:00,263,-91.1,-90,852,996,0,0.02,0,0,0,4.79,31.05,5.11,0.12,0,0,1.72,0
2025-08-17 04:52:00.092401200+00:00,264,-91.1,-90,597,535,0,0.02,0,0,0,4.79,31.89,5.11,0.1,0,0,4.2,1.18
2025-08-17 05:22:07.979216386+00:00,265,-32.3,-82.4,450,323,7,0.16,0,0.18,0.05,4.79,31.31,5.11,0.08,5.06,65.77,4.39,11.29
2025-08-17 05:32:16.714099406+00:00,266,-26.2,-80.4,428,249,8,0.2,0,0.2,0.14,4.79,32.77,5.11,0.09,5.06,51.31,6.87,17.1
2025-08-17 05:42:25.808286608+00:00,267,-22.1,-78.1,451,244,8,0.2,0,0.2,0.1,4.79,31.26,5.11,0.09,5.06,49.68,4.5,17.51
2025-08-17 06:02:43.765265125+00:00,269,-15.7,-74,429,172,8,0.21,0,0.17,0.22,4.79,33.37,5.11,0.09,5.06,42.02,6.9,25.45
2025-08-17 06:12:52.760739045+00:00,270,-11.9,-72,427,161,8,0.21,0,0.22,0.15,4.79,32.99,5.11,0.13,5.07,52.73,6.84,16.99
2025-08-17 06:23:01.792069391+00:00,271,-7.9,-69.9,433,158,8,0.21,0,0.21,0.23,4.79,32.96,5.11,0.14,5.07,50.65,6.91,24.77
2025-08-17 06:33:10.855201788+00:00,272,-4.3,-67.9,398,142,8,0.21,0,0.22,0.13,4.79,33.01,5.11,0.09,5.08,52.7,6.13,18.12
2025-08-17 06:43:19.814670666+00:00,273,-1.7,-65.8,403,127,8,0.22,0,0.23,0.11,4.8,33.03,5.11,0.11,5.07,53.75,6.02,16.42
2025-08-17 06:53:28.819609450+00:00,274,1.7,-63.6,414,133,8,0.22,0,0.19,0.13,4.8,33.22,5.11,0.08,5.06,45.91,6.52,15.73
2025-08-17 07:03:37.828113030+00:00,275,2.3,-61.5,408,132,8,0.22,0,0.21,0.14,4.8,32.67,5.11,0.09,5.06,47.87,6.28,18.85
2025-08-17 07:13:46.937142945+00:00,276,5.3,-59.5,404,117,8,0.22,0,0.18,0.14,4.8,33.19,5.11,0.11,5.06,42.81,6.37,19.1
2025-08-17 07:23:55.778480593+00:00,277,9.4,-57.4,331,110,8,0.22,0,0.21,0.13,4.8,32.98,5.11,0.1,5.06,49.11,6.33,17.94
2025-08-17 07:34:04.826983161+00:00,278,11.7,-55.4,297,112,8,0.22,0,0.2,0.16,4.8,33.16,5.11,0.1,5.07,45.69,6.92,17.7
2025-08-17 07:44:14.876727773+00:00,279,15.3,-53.3,307,93,8,0.21,0,0.19,0.24,4.81,32.02,5.11,0.11,5.07,45.33,7.12,24.67
2025-08-17 07:54:23.956172181+00:00,280,20.4,-51.1,258,80,8,0.21,0,0.25,0.26,4.81,31.79,5.11,0.09,5.08,57.03,7.23,26.11
2025-08-17 08:04:32.936112119+00:00,281,23.2,-49,238,111,8,0.21,0,0.19,0.27,4.81,31.81,5.11,0.1,5.08,43.36,6.85,28.32
2025-08-17 08:14:41.857022915+00:00,282,28.3,-47,364,103,8,0.22,0,0.2,0.23,4.81,31.86,5.12,0.05,5.07,44.5,7.1,23.36
2025-08-17 08:24:50.988692402+00:00,283,30.2,-44.9,354,102,8,0.22,0,0.2,0.17,4.81,31.59,5.12,0.11,5.07,43.51,6.25,21.86
2025-08-17 08:34:59.898782347+00:00,284,33.6,-42.9,338,87,8,0.23,0,0.19,0.22,4.81,33.18,5.12,0.13,5.07,42.59,7.01,21.82
2025-08-17 08:45:09.047965636+00:00,285,37.2,-40.9,365,99,8,0.22,0,0.22,0.22,4.81,31.76,5.12,0.09,5.08,47.77,7.08,21.65
2025-08-17 08:55:18.031524725+00:00,286,41.9,-38.8,355,91,8,0.22,0,0.21,0.26,4.81,31.84,5.12,0.09,5.08,45.45,7.01,25.72
2025-08-17 09:05:26.990693300+00:00,287,45.5,-36.6,366,98,8,0.23,0,0.22,0.29,4.81,32.84,5.12,0.08,5.08,46.61,6.76,29.16
2025-08-17 09:15:36.028663212+00:00,288,48.5,-34.5,312,94,8,0.23,0,0.22,0.29,4.81,33.15,5.12,0.05,5.08,45.35,6.98,27.62
2025-08-17 09:25:45.023583208+00:00,289,52.3,-32.5,364,96,8,0.23,0,0.22,0.28,4.81,33.08,5.12,0.07,5.08,45.36,6.97,26.36
2025-08-17 09:35:54.109834323+00:00,290,55.7,-30.4,325,88,8,0.23,0,0.22,0.25,4.82,31.87,5.12,0.11,5.08,45.07,6.98,23.29
2025-08-17 09:46:03.186877498+00:00,291,60,-28.4,306,93,8,0.23,0,0.2,0.31,4.82,32.11,5.12,0.12,5.08,40.38,7,28.85
2025-08-17 09:56:12.165172828+00:00,292,63.6,-26.3,375,77,8,0.24,0,0.21,0.29,4.82,33.57,5.12,0.08,5.08,41.57,6.94,27.73
2025-08-17 10:06:21.134996729+00:00,293,66.8,-24.3,388,85,8,0.24,0,0.23,0.28,4.82,32.26,5.12,0.1,5.09,46.43,6.94,26.01
2025-08-17 10:16:30.216876979+00:00,294,67.4,-22,387,70,8,0.24,0,0.21,0.36,4.83,32.15,5.13,0.08,5.08,41.25,6.9,33.36
2025-08-17 10:26:39.120300579+00:00,295,71.3,-20,372,77,8,0.24,0,0.21,0.26,4.83,32.35,5.13,0.09,5.08,42,6.9,24.57
2025-08-17 10:36:48.147553467+00:00,296,74.3,-17.9,363,60,8,0.25,0,0.23,0.25,4.82,33.56,5.13,0.11,5.08,44.62,6.94,23.81
2025-08-17 10:46:57.238056259+00:00,297,76.6,-15.9,373,51,8,0.24,0,0.24,0.29,4.83,32.15,5.13,0.1,5.08,47.41,6.94,27.34
2025-08-17 10:57:07.221114680+00:00,298,79.1,-13.8,383,62,8,0.24,0,0.22,0.26,4.83,32.52,5.13,0.15,5.08,43.11,6.94,24.12
2025-08-17 11:17:25.154178929+00:00,300,84.9,-9.5,253,60,8,0.24,0,0.23,0.27,4.84,32.32,5.13,0.15,5.08,45.56,6.96,24.91
2025-08-17 11:27:34.169786970+00:00,301,86.6,-7.5,375,53,8,0.24,0,0.23,0.28,4.84,32.27,5.13,0.06,5.08,44.8,6.98,26.09
2025-08-17 11:47:52.270765900+00:00,303,89.1,-3.4,389,60,8,0.24,0,0.21,0.27,4.85,32.44,5.13,0.09,5.08,41.7,6.96,25.18
2025-08-17 11:58:01.145492004+00:00,304,90,-1.3,380,60,8,0.25,0,0.23,0.29,4.85,33.14,5.13,0.07,5.09,45.32,6.98,27.07
2025-08-17 12:08:10.117520946+00:00,305,90,0.7,387,52,8,0.25,0,0.23,0.26,4.85,33.42,5.13,0.13,5.09,45.42,6.97,24.49
2025-08-17 12:18:19.064726448+00:00,306,89.8,2.8,375,67,8,0.24,0,0.21,0.26,4.85,32.57,5.13,0.11,5.09,41.71,6.96,25.15
2025-08-17 12:38:37.963235279+00:00,308,89.6,7.1,388,61,8,0.24,0,0.2,0.29,4.86,33.68,5.13,0.07,5.08,41.12,6.99,27.71
2025-08-17 12:59:00.754681489+00:00,310,89.8,11.2,387,73,13,0.44,0,0.79,1.23,4.86,32.03,5.13,0.12,5.07,66.56,6.75,64.76
2025-08-17 13:09:14.064359636+00:00,311,89.4,13.2,376,70,12,0.44,0,0.75,1.18,4.86,32.46,5.13,0.13,5.07,65.42,6.74,64.15
2025-08-17 13:19:27.009256136+00:00,312,89.6,15.5,347,75,12,0.42,0,0.76,1.21,4.87,31.71,5.13,0.08,5.07,66.74,6.79,65.99
2025-08-17 13:29:39.750980460+00:00,313,89.1,17.5,373,72,12,0.43,0,0.73,1.22,4.87,32.34,5.13,0.09,5.06,65.33,6.82,66.45
2025-08-17 13:39:59.628048716+00:00,314,89.1,19.6,354,68,12,0.43,0,0.73,1.17,4.87,32.36,5.13,0.09,5.07,66.13,6.7,65.16
2025-08-17 13:50:05.620600331+00:00,315,88.9,21.6,377,74,12,0.43,0,0.73,1.19,4.87,32.8,5.13,0.12,5.06,66.15,6.77,65.84
2025-08-17 14:00:18.270125280+00:00,316,88.7,23.7,52,75,12,0.42,0,0.74,1.23,4.88,32.42,5.13,0.09,5.06,68.47,6.9,67.8
2025-08-17 14:20:50.940507431+00:00,318,88.5,28,216,77,11,0.41,0,0.73,1.17,4.88,32.37,5.13,0.08,5.06,69.05,6.92,66.17
2025-08-17 14:30:50.404851787+00:00,319,41.3,30,74,83,6,0.18,0,0.14,0.17,4.88,31.89,5.13,0.07,5.09,43.67,7.01,21.77
2025-08-17 14:40:54.974367251+00:00,320,42.6,32,77,72,3,0.11,0,0.05,0.07,4.88,30.98,5.13,0.06,5.08,50.29,6.93,13.24
2025-08-17 14:51:06.739822508+00:00,321,43.2,34.1,99,86,4,0.13,0,0.07,0.13,4.88,33.51,5.12,0.09,5.08,50.51,6.47,26.3
2025-08-17 15:01:03.311312127+00:00,322,52.8,36.1,328,277,3,0.1,0,0.04,0.07,4.87,30.85,5.12,0.07,5.08,61.5,4.4,22.63
2025-08-17 15:11:08.519747399+00:00,323,73,38.2,375,363,4,0.12,0,0.09,0.07,4.86,31.19,5.12,0.11,5.08,58.64,4.33,18.65
2025-08-17 15:21:14.437327112+00:00,324,82.3,40.2,403,358,5,0.16,0,0.11,0.07,4.85,33.14,5.12,0.09,5.07,48.03,4.33,16.77
2025-08-17 15:31:19.730734686+00:00,325,73,42.5,382,359,4,0.15,0,0.09,0.06,4.85,33.68,5.12,0.12,5.08,45.94,4.33,16.09
2025-08-17 15:41:23.933895024+00:00,326,64.9,44.5,380,350,3,0.12,0,0.06,0.06,4.85,31.12,5.11,0.12,5.08,39.83,4.28,15.98
2025-08-17 15:51:35.268108111+00:00,327,27.7,46.6,108,131,4,0.13,0,0.08,0.07,4.84,33.28,5.11,0.08,5.07,53.53,4.36,20.05
2025-08-17 16:01:33.905667146+00:00,328,21.3,48.6,133,129,4,0.14,0,0.09,0.08,4.83,33.74,5.11,0.12,5.07,51.48,4.36,19.8
2025-08-17 16:11:46.321640356+00:00,329,19.4,50.7,115,133,5,0.16,0,0.09,0.08,4.83,34.01,5.11,0.12,5.07,41.77,4.3,18.95
2025-08-17 16:21:45.105603314+00:00,330,24.7,52.7,133,143,5,0.15,0,0.09,0.07,4.83,33.58,5.11,0.11,5.07,42.74,4.41,17.12
2025-08-17 16:31:51.020968708+00:00,331,26.8,54.8,151,168,4,0.15,0,0.09,0.06,4.83,33.63,5.11,0.07,5.07,45.92,4.39,15.96
2025-08-17 17:22:17.466999951+00:00,336,44,65,314,327,4,0.13,0,0.09,0.04,4.82,31.86,5.11,0.12,5.07,50.93,4.32,9.68
2025-08-17 17:32:36.867401114+00:00,337,40,67.3,283,287,4,0.13,0,0.09,0.04,4.82,31.21,5.11,0.1,5.07,50.78,4.35,10.28
2025-08-17 17:42:42.882649290+00:00,338,31.9,69.3,248,263,5,0.16,0,0.11,0.04,4.82,33.3,5.11,0.08,5.07,46.21,4.31,8.78
2025-08-17 17:52:42.825764300+00:00,339,24,71.4,240,260,6,0.18,0,0.15,0.04,4.82,33.45,5.11,0.1,5.07,48.1,4.32,8.43
2025-08-17 18:02:59.151098654+00:00,340,12.6,73.6,189,245,8,0.2,0,0.19,0.04,4.82,31.86,5.11,0.11,5.06,48.96,4.32,7.77
2025-08-17 18:13:01.368054048+00:00,341,14.3,75.6,265,293,8,0.21,0,0.2,0.04,4.82,31.72,5.11,0.08,5.07,45.76,4.28,6.42
2025-08-17 18:23:10.359757821+00:00,342,15.3,77.7,305,330,8,0.22,0,0.16,0.03,4.82,33.07,5.11,0.1,5.07,37.45,4.28,5.11
2025-08-17 18:33:13.406112370+00:00,343,17.4,79.7,331,412,8,0.22,0,0.23,0.02,4.82,33.05,5.11,0.08,5.07,51.66,4.26,3.13
2025-08-17 18:43:36.381903364+00:00,344,19.1,82,348,492,8,0.22,0,0.2,0.01,4.82,32.91,5.11,0.09,5.07,47.55,4.25,2.05
2025-08-17 18:53:31.382122813+00:00,345,21.7,84,361,581,8,0.22,0,0.19,0.01,4.82,33.01,5.11,0.11,5.07,43.51,4.21,1.21
2025-08-17 19:13:49.357265715+00:00,347,26.2,88.2,513,867,8,0.22,0,0.2,0,4.81,32.85,5.11,0.12,5.07,46.98,3.33,0.09
2025-08-17 19:54:01.484874361+00:00,349,-90.9,-90,679,1022,0,0.02,0,0,0,4.81,31.49,5.11,0.08,0,0,0.31,0
2025-08-17 20:24:03.405083054+00:00,350,-90.9,-90,710,1022,0,0.02,0,0,0,4.82,27.8,5.11,0.05,0,0,0.22,0
2025-08-17 20:54:04.377266978+00:00,351,-90.9,-90,820,1022,0,0.02,0,0,0,4.81,31.49,5.11,0.04,0,0,0.21,0
2025-08-17 21:23:58.349172330+00:00,352,-90.9,-90,790,1021,0,0.02,0,0,0,4.82,28.6,5.11,0.1,0,0,0.22,0.05
2025-08-17 21:54:06.324939361+00:00,353,-90.9,-90,827,1022,0,0.02,0,0,0,4.82,30.78,5.11,0.15,0,0,0.22,0.03
2025-08-17 22:24:07.431577631+00:00,354,-90.9,-90,1021,1022,0,0.02,0,0,0,4.82,29.39,5.11,0.14,0,0,0.22,0.07
