time,fcnt,LDR_east,LDR_west,wake_duration_s,solar_energy_mWh,solar_voltage_V,solar_current_mA,logic_energy_mWh,logic_voltage_V,logic_current_mA
2025-08-14 10:31:58.675116813+00:00,0,132,199,0,0.01,4.23,3.34,0.08,5.1,20.8
2025-08-14 10:46:30.562898553+00:00,0,207,197,0,0.0,4.33,1.8,0.08,4.96,20.8
2025-08-14 11:27:04.873932329+00:00,0,1023,27,0,0.0,6.69,0.0,0.08,4.87,20.95
2025-08-14 11:37:09.988048675+00:00,1,1023,40,3,0.0,0.0,0.0,0.08,4.88,20.62
2025-08-14 11:47:13.957660721+00:00,2,1019,41,3,0.0,6.82,0.0,0.08,4.88,20.66
2025-08-14 11:57:19.023407155+00:00,3,1023,29,3,0.0,0.0,0.0,0.08,4.89,20.71
2025-08-14 12:07:22.992823286+00:00,4,1023,22,3,0.0,6.87,0.2,0.08,4.88,20.7
2025-08-14 12:17:26.888151430+00:00,5,1023,21,3,0.0,6.77,0.05,0.08,4.89,20.78
2025-08-14 12:27:30.499787188+00:00,6,1023,31,3,0.0,6.97,0.07,0.08,4.9,20.89
2025-08-14 12:37:34.482191108+00:00,7,1023,41,3,0.0,0.0,0.0,0.09,4.89,23.37
2025-08-14 12:47:38.370590228+00:00,8,1023,37,3,0.0,6.72,0.0,0.09,4.9,23.41
2025-08-14 12:57:43.263637995+00:00,9,1023,40,3,0.0,6.56,0.05,0.09,4.9,23.14
2025-08-14 13:07:37.449811911+00:00,0,1023,41,0,0.36,4.65,94.28,0.08,4.95,20.84
2025-08-14 13:17:41.515483163+00:00,1,1023,41,3,1.31,5.13,306.73,0.08,4.94,20.56
2025-08-14 13:27:45.493697991+00:00,2,1023,41,3,0.21,4.39,60.03,0.08,4.94,20.81
2025-08-14 13:37:48.108432935+00:00,3,1023,41,3,1.05,4.9,257.41,0.08,4.95,20.76
2025-08-14 13:47:53.102664935+00:00,4,1023,40,3,1.02,4.89,252.36,0.08,4.95,20.68
2025-08-14 13:57:57.101887174+00:00,5,1023,47,3,0.21,4.38,58.44,0.08,4.95,20.98
2025-08-14 14:08:02.086430948+00:00,6,1023,38,3,1.25,4.99,302.57,0.08,4.95,20.91
2025-08-14 14:18:06.090712381+00:00,7,1023,38,3,0.93,4.79,234.16,0.09,4.94,22.64
2025-08-14 14:28:10.095972786+00:00,8,1023,41,3,0.9,4.76,226.74,0.09,4.94,22.78
2025-08-14 14:38:15.075275871+00:00,9,1023,39,3,0.63,4.62,164.74,0.09,4.94,23.3
2025-08-14 14:48:19.081796140+00:00,10,1023,53,3,0.21,4.37,58.76,0.09,4.94,23.58
2025-08-14 14:58:22.845901592+00:00,11,1023,46,3,0.2,4.36,56.64,0.09,4.94,23.2
2025-08-14 15:08:26.846160752+00:00,12,1023,56,3,0.22,4.38,60.27,0.09,4.94,22.89
2025-08-14 15:18:30.838323095+00:00,13,1023,51,3,0.23,4.35,65.11,0.09,4.94,22.63
2025-08-14 15:28:35.855494883+00:00,14,1023,53,3,0.22,4.29,62.16,0.09,4.94,22.45
2025-08-14 15:38:39.813348447+00:00,15,1023,53,3,0.17,4.2,49.73,0.09,4.93,22.74
2025-08-14 15:48:43.827500824+00:00,16,1023,57,3,0.16,4.16,48.67,0.09,4.93,22.92
2025-08-14 15:58:47.783410923+00:00,17,1023,57,3,0.15,4.17,45.94,0.09,4.92,23.23
2025-08-14 16:08:52.780069161+00:00,18,1023,57,3,0.19,4.19,54.98,0.09,4.92,23.21
2025-08-14 16:18:56.797490195+00:00,19,1023,57,3,0.2,4.19,58.46,0.09,4.92,23.48
2025-08-14 16:29:01.873849774+00:00,20,1023,59,3,0.16,4.16,47.89,0.09,4.92,22.85
2025-08-14 16:39:05.746086360+00:00,21,1023,67,3,0.13,4.15,39.76,0.09,4.92,22.55
2025-08-14 16:49:09.817839592+00:00,22,1023,68,3,0.14,4.14,40.7,0.09,4.92,22.87
2025-08-14 17:09:18.728957008+00:00,24,1023,70,3,0.12,4.13,35.22,0.09,4.92,22.75
2025-08-14 17:19:22.697647675+00:00,25,1023,75,3,0.08,4.1,25.62,0.09,4.92,23.16
2025-08-14 17:29:26.682138055+00:00,26,1023,79,3,0.08,4.1,25.65,0.09,4.92,23.26
2025-08-14 17:39:30.683287094+00:00,27,1023,83,3,0.07,4.09,22.82,0.09,4.92,23.54
2025-08-14 17:49:34.657620880+00:00,28,1023,95,3,0.04,4.06,14.57,0.09,4.92,23.26
2025-08-14 17:59:39.655634499+00:00,29,1023,110,3,0.04,4.05,12.64,0.09,4.92,22.57
2025-08-14 18:09:43.650592471+00:00,30,1023,116,3,0.03,4.05,10.63,0.09,4.92,23.01
2025-08-14 18:29:52.615721304+00:00,32,1023,124,3,0.03,4.03,9.08,0.09,4.92,23.16
2025-08-14 18:39:57.593554123+00:00,33,1023,137,3,0.02,3.97,7.37,0.09,4.92,23.18
2025-08-14 18:50:01.587507345+00:00,34,1023,156,3,0.01,3.95,4.88,0.09,4.92,23.14
2025-08-14 19:00:05.675815663+00:00,35,1023,177,3,0.01,3.93,3.52,0.09,4.92,23.12
2025-08-14 19:10:16.559048895+00:00,36,1023,221,3,0.0,3.89,1.83,0.09,4.92,22.51
2025-08-14 19:20:13.624414911+00:00,37,1023,292,3,0.0,3.17,1.0,0.09,4.91,22.47
2025-08-14 19:30:18.530147617+00:00,38,1023,414,3,0.0,2.85,0.09,0.09,4.92,22.66
2025-08-14 19:40:22.521118542+00:00,39,1023,599,3,0.0,2.72,0.1,0.09,4.92,23.07
2025-08-14 19:50:26.550232033+00:00,40,1023,784,3,0.0,0.0,0.0,0.09,4.91,23.18
2025-08-14 20:00:30.525384826+00:00,41,1023,891,3,0.0,0.0,0.0,0.09,4.91,23.09
2025-08-14 20:30:35.491571819+00:00,42,1023,966,3,0.0,0.0,0.0,0.09,4.91,22.54
2025-08-14 21:30:43.380798169+00:00,44,1023,974,3,0.0,0.0,0.0,0.09,4.91,22.96
2025-08-14 22:00:48.340732361+00:00,45,1023,984,3,0.0,0.25,0.0,0.09,4.91,22.87
2025-08-14 22:30:52.314862442+00:00,46,1023,987,3,0.0,0.0,0.0,0.09,4.91,22.76
2025-08-14 23:00:57.272519539+00:00,47,1023,990,3,0.0,0.0,0.0,0.09,4.91,22.57
2025-08-14 23:31:01.237768013+00:00,48,1023,991,3,0.0,0.23,0.0,0.09,4.91,22.69
2025-08-15 00:01:05.197191271+00:00,49,1023,992,3,0.0,0.0,0.0,0.09,4.91,22.74
2025-08-15 00:31:09.168575186+00:00,50,1023,996,3,0.0,0.0,0.0,0.09,4.91,22.79
2025-08-15 01:01:13.125610929+00:00,51,1023,994,3,0.0,0.0,0.0,0.09,4.91,22.7
2025-08-15 01:31:17.130669331+00:00,52,1023,996,3,0.0,0.0,0.0,0.09,4.9,22.44
2025-08-15 02:01:21.055487415+00:00,53,1023,996,3,0.0,0.0,0.0,0.09,4.9,22.51
2025-08-15 02:31:25.055748482+00:00,54,1023,999,3,0.0,0.2,0.0,0.09,4.9,23.0
2025-08-15 03:01:29.983878729+00:00,55,1023,997,3,0.0,0.0,0.0,0.09,4.9,23.18
2025-08-15 04:01:37.929300185+00:00,57,1023,975,3,0.0,0.3,0.0,0.09,4.9,22.14
2025-08-15 04:31:42.883682865+00:00,58,1023,610,3,0.0,3.23,0.04,0.09,4.9,22.04
2025-08-15 04:41:46.869032683+00:00,59,1023,430,3,0.0,3.51,0.28,0.09,4.9,23.1
2025-08-15 04:51:51.852898947+00:00,60,1023,311,3,0.0,3.61,1.23,0.09,4.9,22.72
2025-08-15 05:01:55.878366267+00:00,61,1023,225,3,0.01,4.09,2.96,0.09,4.9,23.16
2025-08-15 05:11:59.853086177+00:00,62,1023,208,3,0.01,4.06,3.04,0.09,4.9,22.41
2025-08-15 05:22:04.841856493+00:00,63,1023,190,3,0.01,4.06,3.2,0.09,4.9,22.68
2025-08-15 05:32:08.806107140+00:00,64,1023,150,3,0.01,4.07,5.26,0.09,4.9,23.18
2025-08-15 05:42:12.794438869+00:00,65,1023,128,3,0.03,4.08,10.13,0.09,4.9,23.5
2025-08-15 05:52:16.782703354+00:00,66,1023,128,3,0.02,4.08,8.65,0.09,4.9,22.74
2025-08-15 06:02:20.778501110+00:00,67,1023,82,3,0.04,4.09,13.38,0.09,4.9,22.57
2025-08-15 06:12:24.801305790+00:00,68,1023,66,3,0.08,4.13,24.16,0.09,4.9,22.85
2025-08-15 06:22:29.790095438+00:00,69,1023,71,3,0.1,4.15,29.18,0.09,4.9,23.23
2025-08-15 06:32:33.763504106+00:00,70,1023,47,3,0.09,4.15,28.71,0.09,4.9,22.66
2025-08-15 06:42:37.725943366+00:00,71,1023,70,3,0.13,4.19,37.74,0.09,4.9,22.74
2025-08-15 06:52:42.718266928+00:00,72,1023,66,3,0.11,4.17,32.55,0.09,4.9,23.24
2025-08-15 07:02:46.697719697+00:00,73,1023,64,3,0.11,4.17,34.44,0.09,4.9,23.38
2025-08-15 07:12:50.685503082+00:00,74,1023,55,3,0.13,4.18,38.26,0.09,4.9,23.46
2025-08-15 07:22:54.714280133+00:00,75,1023,58,3,0.17,4.21,48.92,0.09,4.91,23.19
2025-08-15 07:32:58.692403693+00:00,76,1023,61,3,0.16,4.2,46.31,0.09,4.91,22.91
2025-08-15 07:43:03.643853323+00:00,77,1023,61,3,0.19,4.23,54.13,0.09,4.91,22.77
2025-08-15 07:53:07.674920538+00:00,78,1023,57,3,0.14,4.19,42.12,0.09,4.91,23.44
2025-08-15 08:03:12.618123769+00:00,79,1023,52,3,0.16,4.21,47.19,0.09,4.91,22.96
2025-08-15 08:13:16.617888025+00:00,80,1023,54,3,0.16,4.21,46.39,0.09,4.91,23.0
2025-08-15 08:23:21.601672259+00:00,81,1023,52,3,0.2,4.24,58.56,0.09,4.91,22.59
2025-08-15 08:33:25.591080280+00:00,82,1023,46,3,0.16,4.21,48.01,0.09,4.91,22.72
2025-08-15 08:43:30.475931341+00:00,83,1023,43,3,0.14,4.19,41.96,0.09,4.91,23.35
2025-08-15 09:03:39.439293459+00:00,85,1023,40,3,0.15,4.21,45.34,0.09,4.91,22.98
2025-08-15 09:13:43.447215538+00:00,86,1023,49,3,0.11,4.18,32.43,0.09,4.91,22.78
2025-08-15 09:23:48.405664576+00:00,87,1023,45,3,0.42,4.43,115.22,0.09,4.91,22.81
2025-08-15 09:33:52.418806357+00:00,88,1023,47,3,0.11,4.17,31.98,0.09,4.91,22.98
2025-08-15 09:43:57.394192977+00:00,89,1023,47,3,0.18,4.24,53.35,0.09,4.91,23.55
2025-08-15 09:54:01.379124726+00:00,90,1023,20,3,0.22,4.26,63.49,0.09,4.91,23.27
2025-08-15 10:14:10.362160362+00:00,92,1023,18,3,0.49,4.47,133.93,0.09,4.91,22.84
2025-08-15 10:24:15.372865776+00:00,93,1023,16,3,0.87,4.8,219.44,0.09,4.92,22.74
2025-08-15 10:34:19.340812726+00:00,94,1023,17,3,0.86,4.64,224.54,0.09,4.92,23.04
2025-08-15 10:44:24.362492447+00:00,95,1023,17,3,0.83,4.49,222.32,0.09,4.92,22.88
2025-08-15 10:54:28.320303453+00:00,96,1023,13,3,0.87,4.52,231.24,0.09,4.92,22.85
2025-08-15 11:04:32.343731059+00:00,97,1023,16,3,0.85,4.42,232.44,0.09,4.92,23.33
2025-08-15 11:14:36.313442527+00:00,98,1023,17,3,0.88,4.49,235.4,0.09,4.92,23.04
2025-08-15 11:24:41.303543143+00:00,99,1023,18,3,0.88,4.46,238.04,0.09,4.92,23.55
2025-08-15 11:34:45.293841895+00:00,100,1023,17,3,0.88,4.42,239.63,0.09,4.93,23.0
2025-08-15 11:44:50.379265382+00:00,101,1023,17,3,0.88,4.41,241.26,0.09,4.93,23.02
2025-08-15 12:04:58.281814339+00:00,103,1023,16,3,0.93,4.47,250.4,0.09,4.93,23.04
2025-08-15 12:15:02.289947263+00:00,104,1023,17,3,0.88,4.4,239.93,0.09,4.93,23.65
2025-08-15 12:25:06.271150027+00:00,105,1023,17,3,0.92,4.41,250.82,0.09,4.94,23.26
2025-08-15 12:35:11.266988506+00:00,106,1023,21,3,0.93,4.42,252.46,0.09,4.94,23.31
2025-08-15 12:45:15.384225+00:00,107,1023,31,3,0.92,4.42,251.64,0.09,4.94,23.34
2025-08-15 12:55:19.258853657+00:00,108,1023,33,3,0.93,4.42,254.28,0.09,4.94,22.95
2025-08-15 13:15:27.268041609+00:00,110,1023,33,3,0.87,4.32,243.44,0.09,4.95,23.5
2025-08-15 13:25:31.250290873+00:00,111,1023,36,3,0.88,4.34,243.22,0.09,4.95,23.28
2025-08-15 13:35:42.290360189+00:00,112,1023,35,3,0.84,4.31,235.08,0.09,4.95,23.28
2025-08-15 13:45:39.286096965+00:00,113,1023,35,3,0.95,4.39,259.88,0.09,4.95,22.72
2025-08-15 13:55:43.292880579+00:00,114,1023,34,3,0.81,4.25,228.5,0.09,4.95,23.72
2025-08-15 14:05:48.285683044+00:00,115,1023,33,3,0.79,4.24,224.3,0.09,4.96,23.01
2025-08-15 14:15:52.302046418+00:00,116,1023,37,3,0.9,4.37,249.4,0.09,4.95,22.76
2025-08-15 14:25:56.265914874+00:00,117,1023,34,3,0.76,4.24,216.8,0.09,4.95,23.43
2025-08-15 14:36:00.278808594+00:00,118,1023,39,3,0.88,4.57,231.49,0.09,4.95,23.61
2025-08-15 14:46:04.283933220+00:00,119,1023,42,3,0.81,4.49,216.78,0.09,4.95,23.18
2025-08-15 15:16:17.290501461+00:00,122,1023,54,3,0.14,3.71,48.4,0.09,4.93,22.98
2025-08-15 15:26:21.273541041+00:00,123,1023,55,3,0.15,4.2,44.14,0.09,4.92,23.12
2025-08-15 15:36:33.267995037+00:00,124,1023,64,3,0.1,4.16,31.45,0.09,4.91,23.45
2025-08-15 15:46:30.252312172+00:00,125,1023,58,3,0.11,4.17,34.36,0.09,4.91,23.55
2025-08-15 15:56:35.247907161+00:00,126,1023,55,3,0.17,4.23,49.94,0.09,4.91,23.66
2025-08-15 16:06:39.227683818+00:00,127,1023,55,3,0.14,4.2,42.26,0.09,4.9,23.08
2025-08-15 16:16:51.230935296+00:00,128,1023,59,3,0.12,4.19,35.78,0.09,4.9,22.84
2025-08-15 16:26:48.209335572+00:00,129,1023,57,3,0.14,4.21,41.56,0.09,4.9,23.59
2025-08-15 16:37:00.193866768+00:00,130,1023,67,3,0.09,4.15,26.3,0.09,4.89,23.18
2025-08-15 16:46:57.275700982+00:00,131,1023,64,3,0.1,4.17,30.8,0.09,4.89,23.45
2025-08-15 16:57:08.177678300+00:00,132,1023,63,3,0.1,4.16,30.05,0.09,4.9,23.01
2025-08-15 17:07:05.167415728+00:00,133,1023,72,3,0.07,4.12,20.73,0.09,4.9,23.19
2025-08-15 17:17:09.153313825+00:00,134,1023,69,3,0.07,4.12,22.28,0.09,4.9,22.87
2025-08-15 17:27:21.139373211+00:00,135,1023,66,3,0.07,4.11,22.74,0.09,4.88,22.86
2025-08-15 17:37:18.128401825+00:00,136,1023,63,3,0.09,4.1,27.74,0.09,4.87,23.27
2025-08-15 17:47:22.115609386+00:00,137,1023,67,3,0.09,4.1,27.96,0.09,4.87,22.97
2025-08-15 17:57:27.103887612+00:00,138,1023,72,3,0.07,4.09,23.36,0.09,4.86,23.22
2025-08-15 18:07:31.087592411+00:00,139,1023,90,3,0.04,4.0,13.41,0.09,4.86,23.2
2025-08-15 18:17:35.075376483+00:00,140,1023,101,3,0.02,4.02,8.38,0.09,4.85,23.26
2025-08-15 18:37:44.170359820+00:00,142,1023,114,3,0.02,4.02,6.51,0.09,4.83,22.95
2025-08-15 18:47:49.036162768+00:00,143,1021,127,3,0.01,3.98,4.4,0.09,4.83,23.19
2025-08-15 19:07:58.015593758+00:00,145,1023,176,3,0.0,3.82,1.6,0.09,4.82,23.28
2025-08-15 19:18:02.011841663+00:00,146,1023,229,3,0.0,3.48,0.5,0.09,4.82,23.06
2025-08-15 19:28:05.990340916+00:00,147,1023,309,3,0.0,3.25,0.05,0.09,4.83,22.96
2025-08-15 19:38:11.015997939+00:00,148,1023,440,3,0.0,2.09,0.02,0.09,4.83,22.45
2025-08-15 19:58:19.963431766+00:00,150,1023,715,3,0.0,0.0,0.0,0.09,4.83,23.3
2025-08-15 20:08:23.949644692+00:00,151,1022,780,3,0.0,0.0,0.02,0.09,4.82,22.99
2025-08-15 20:18:27.934893576+00:00,152,1023,804,3,0.0,0.0,0.0,0.09,4.82,23.01
2025-08-15 20:48:33.030682158+00:00,153,1023,823,3,0.0,0.0,0.0,0.09,4.81,22.96
2025-08-15 21:18:36.853831213+00:00,154,1023,842,3,0.0,0.0,0.1,0.09,4.82,22.86
2025-08-15 21:48:40.812146286+00:00,155,1023,859,3,0.0,0.0,0.1,0.09,4.82,22.59
2025-08-15 22:18:44.785353075+00:00,156,1023,877,3,0.0,0.0,0.0,0.08,4.82,22.12
2025-08-15 22:48:49.772961430+00:00,157,1023,886,3,0.0,0.0,0.0,0.09,4.81,22.64
