time,fcnt,Ipv_mA,Isys_mA,Vpv_V,Vsys_V,PV_mWh,SYS_mWh
2025-07-28 09:59:27.633186626+00:00,0,-0.26,20.57,6.04,4.8,0.0,8.222
2025-07-28 10:13:54.304887650+00:00,0,23.47,20.4,4.32,5.01,8.47,8.522
2025-07-28 10:18:52.886657877+00:00,1,36.66,20.55,4.33,5.03,13.241,8.604
2025-07-28 10:59:12.809164746+00:00,0,42.23,20.37,4.59,4.9,16.171,8.321
2025-07-28 11:12:44.722161705+00:00,0,146.29,20.48,4.82,4.9,60.024,8.365
2025-07-28 11:17:43.607377963+00:00,1,86.5,20.6,4.58,4.9,33.755,8.405
2025-07-28 11:22:43.345091327+00:00,2,139.28,20.52,4.77,4.9,56.5,8.374
2025-07-28 11:27:43.210466517+00:00,3,84.9,20.49,4.58,4.9,33.72,8.362
2025-07-28 11:32:43.160342960+00:00,4,159.61,20.49,4.83,4.9,64.9,8.364
2025-07-28 11:37:43.131335188+00:00,5,105.13,20.53,4.65,4.9,41.652,8.377
2025-07-28 11:42:43.098281269+00:00,6,70.69,20.46,4.54,4.9,27.293,8.352
2025-07-28 11:47:43.057101510+00:00,7,98.05,20.47,4.62,4.9,38.023,8.355
2025-07-28 11:52:42.973921201+00:00,8,66.26,20.41,4.52,4.9,24.983,8.332
2025-07-28 11:57:42.990779057+00:00,9,108.74,20.61,4.66,4.9,43.413,8.41
2025-07-28 12:02:42.915755405+00:00,10,156.79,20.59,4.79,4.9,63.164,8.403
2025-07-28 12:07:42.925491673+00:00,11,68.41,20.39,4.5,4.9,26.034,8.321
2025-07-28 12:12:43.006919467+00:00,12,71.67,21.58,4.52,4.89,27.229,8.797
2025-07-28 12:17:44.287392645+00:00,13,131.89,23.61,4.71,4.89,53.247,9.605
2025-07-28 12:22:43.538669573+00:00,14,159.97,23.07,4.8,4.89,64.349,9.394
2025-07-28 12:27:42.899002248+00:00,15,69.56,22.85,4.52,4.89,26.989,9.305
2025-07-28 12:32:42.763683259+00:00,16,131.84,22.94,4.74,4.89,53.086,9.343
2025-07-28 12:37:42.674100696+00:00,17,113.07,22.83,4.67,4.89,44.538,9.298
2025-07-28 12:42:42.995752788+00:00,18,117.32,23.11,4.69,4.89,46.863,9.411
2025-07-28 12:47:42.657826712+00:00,19,61.48,22.84,4.5,4.89,23.086,9.302
2025-07-28 12:52:43.341051378+00:00,20,38.29,23.11,4.43,4.89,14.132,9.409
2025-07-28 12:57:42.707566050+00:00,21,26.56,23.04,4.39,4.89,9.716,9.379
2025-07-28 13:02:42.643787830+00:00,22,24.74,22.92,4.38,4.88,9.031,9.326
2025-07-28 13:07:42.842584981+00:00,23,31.69,22.92,4.41,4.88,11.639,9.321
2025-07-28 13:12:42.785109632+00:00,24,52.9,22.69,4.48,4.88,19.807,9.228
2025-07-28 13:17:42.577248142+00:00,25,105.5,22.82,4.67,4.88,41.569,9.279
2025-07-28 13:22:42.416296565+00:00,26,105.49,22.71,4.63,4.88,40.995,9.239
2025-07-28 13:27:42.474408962+00:00,27,101.85,22.82,4.62,4.88,39.876,9.279
2025-07-28 13:32:43.761238570+00:00,28,47.13,23.36,4.44,4.88,17.444,9.492
2025-07-28 13:42:43.671590395+00:00,29,50.21,23.18,4.45,4.88,18.631,9.42
2025-07-28 13:47:42.538139525+00:00,30,54.19,23.02,4.46,4.88,20.175,9.358
2025-07-28 13:52:42.519505055+00:00,31,44.19,22.7,4.43,4.88,16.328,9.229
2025-07-28 13:57:42.475141081+00:00,32,36.9,22.92,4.41,4.88,13.564,9.314
2025-07-28 14:02:42.437911222+00:00,33,39.71,22.68,4.42,4.88,14.633,9.217
2025-07-28 14:07:42.423479028+00:00,34,43.57,22.74,4.44,4.88,16.102,9.238
2025-07-28 14:12:42.181900702+00:00,35,43.46,22.71,4.44,4.88,16.071,9.226
2025-07-28 14:17:42.119714996+00:00,36,41.68,22.73,4.43,4.88,15.398,9.233
2025-07-28 14:22:42.102953897+00:00,37,50.33,22.8,4.46,4.87,18.708,9.258
2025-07-28 14:27:42.048139589+00:00,38,113.56,22.73,4.68,4.87,44.533,9.232
2025-07-28 14:32:41.965645725+00:00,39,118.94,22.64,4.7,4.87,46.705,9.194
2025-07-28 14:37:42.013659782+00:00,40,66.34,22.83,4.51,4.88,24.999,9.275
2025-07-28 14:42:41.944262136+00:00,41,82.01,22.79,4.57,4.88,31.447,9.266
2025-07-28 14:47:41.911700969+00:00,42,95.2,22.77,4.61,4.88,36.662,9.258
2025-07-28 14:52:41.870621111+00:00,43,53.59,22.82,4.47,4.88,19.971,9.284
2025-07-28 14:57:41.749088176+00:00,44,57.75,22.84,4.48,4.88,21.588,9.289
2025-07-28 15:02:41.715342795+00:00,45,38.95,22.82,4.42,4.88,14.381,9.282
2025-07-28 15:07:41.973854362+00:00,46,22.12,22.89,4.37,4.88,8.05,9.306
2025-07-28 15:14:43.313370484+00:00,47,12.99,23.96,4.34,4.88,4.695,9.727
2025-07-28 15:17:42.328833668+00:00,48,8.51,22.96,4.32,4.88,3.065,9.333
2025-07-28 15:22:42.287976826+00:00,49,7.52,22.72,4.32,4.88,2.707,9.237
2025-07-28 15:32:42.897538451+00:00,50,9.07,22.91,4.33,4.87,3.268,9.285
2025-07-28 15:37:41.575849041+00:00,51,13.02,22.9,4.34,4.86,4.71,9.273
2025-07-28 15:42:41.539637113+00:00,52,18.64,22.89,4.36,4.86,6.772,9.267
2025-07-28 15:47:53.856948188+00:00,53,21.75,23.58,4.37,4.86,7.922,9.534
2025-07-28 15:57:47.098950200+00:00,54,22.5,23.29,4.37,4.86,8.201,9.418
2025-07-28 16:02:41.578799729+00:00,55,19.63,22.83,4.36,4.86,7.137,9.24
2025-07-28 16:07:41.535083127+00:00,56,17.98,22.69,4.36,4.86,6.53,9.186
2025-07-28 16:12:41.535024752+00:00,57,15.32,22.83,4.35,4.86,5.55,9.237
2025-07-28 16:19:42.833655417+00:00,58,14.32,24.1,4.35,4.85,5.186,9.727
2025-07-28 16:22:42.514079398+00:00,59,15.06,23.02,4.35,4.86,5.456,9.313
2025-07-28 16:27:42.476098235+00:00,60,18.42,22.82,4.36,4.86,6.694,9.231
2025-07-28 16:32:41.163509701+00:00,61,24.5,22.86,4.38,4.86,8.947,9.25
2025-07-28 16:37:41.313014766+00:00,62,26.21,22.74,4.39,4.86,9.585,9.201
2025-07-28 16:44:42.674019164+00:00,63,23.23,23.86,4.38,4.85,8.475,9.636
2025-07-28 16:54:35.886264521+00:00,64,17.55,23.49,4.36,4.85,6.375,9.495
2025-07-28 16:57:41.159602043+00:00,65,15.36,23.25,4.35,4.86,5.569,9.402
2025-07-28 17:02:40.829939289+00:00,66,14.6,22.89,4.35,4.86,5.288,9.262
2025-07-28 17:07:40.782420449+00:00,67,13.32,22.74,4.34,4.86,4.818,9.2
2025-07-28 17:12:40.745354746+00:00,68,15.55,22.77,4.35,4.86,5.639,9.213
2025-07-28 17:17:40.704658567+00:00,69,15.17,22.74,4.35,4.86,5.497,9.198
2025-07-28 17:22:40.760853654+00:00,70,10.18,22.72,4.33,4.85,3.675,9.191
2025-07-28 17:27:40.672908621+00:00,71,8.22,22.65,4.32,4.86,2.96,9.163
2025-07-28 17:32:40.712863029+00:00,72,7.16,22.71,4.32,4.86,2.576,9.188
2025-07-28 17:37:40.600646791+00:00,73,6.05,22.88,4.32,4.86,2.175,9.258
2025-07-28 17:42:41.238270938+00:00,74,6.25,23.12,4.32,4.85,2.247,9.346
2025-07-28 17:47:40.496898257+00:00,75,6.08,22.83,4.32,4.86,2.186,9.237
2025-07-28 17:52:41.168123134+00:00,76,6.07,23.19,4.32,4.85,2.183,9.374
2025-07-28 18:02:41.766651968+00:00,77,5.43,22.8,4.31,4.86,1.951,9.225
2025-07-28 18:07:40.649515843+00:00,78,5.37,22.71,4.31,4.86,1.932,9.189
2025-07-28 18:12:40.612470717+00:00,79,6.21,22.63,4.32,4.86,2.234,9.157
2025-07-28 18:19:41.940827953+00:00,80,5.92,23.81,4.32,4.85,2.13,9.616
2025-07-28 18:22:40.956418255+00:00,81,5.91,22.91,4.32,4.86,2.125,9.271
2025-07-28 18:27:40.927945571+00:00,82,5.51,22.59,4.32,4.86,1.98,9.144
2025-07-28 18:32:40.178570033+00:00,83,4.65,22.61,4.31,4.86,1.672,9.154
2025-07-28 18:37:40.216044065+00:00,84,4.02,22.59,4.31,4.86,1.445,9.146
2025-07-28 18:42:40.094268326+00:00,85,3.48,22.54,4.31,4.86,1.249,9.127
2025-07-28 18:47:40.063049862+00:00,86,3.01,22.7,4.31,4.86,1.08,9.19
2025-07-28 18:52:40.031475861+00:00,87,2.77,22.6,4.3,4.86,0.995,9.153
2025-07-28 18:57:39.992119997+00:00,88,2.52,22.54,4.3,4.86,0.903,9.127
2025-07-28 19:02:39.964783962+00:00,89,2.23,22.62,4.3,4.86,0.8,9.157
2025-07-28 19:07:39.926422744+00:00,90,1.95,22.52,4.3,4.86,0.699,9.113
2025-07-28 19:12:39.894140687+00:00,91,1.74,22.62,4.3,4.86,0.622,9.156
2025-07-28 19:17:39.978570488+00:00,92,1.5,22.51,4.29,4.86,0.535,9.116
2025-07-28 19:22:39.830140589+00:00,93,1.36,22.73,4.04,4.86,0.457,9.203
2025-07-28 19:27:39.789129814+00:00,94,1.22,22.68,3.73,4.86,0.38,9.183
2025-07-28 19:32:39.754715813+00:00,95,0.96,22.53,3.58,4.86,0.287,9.125
2025-07-28 19:37:39.727314956+00:00,96,0.72,22.6,3.58,4.86,0.211,9.149
2025-07-28 19:42:39.692561955+00:00,97,0.47,22.55,3.58,4.86,0.1,9.127
2025-07-28 19:47:39.651577730+00:00,98,0.26,22.55,3.59,4.86,0.013,9.125
2025-07-28 19:52:39.733633038+00:00,99,0.1,22.61,3.58,4.86,0.001,9.146
2025-07-28 19:57:39.672501466+00:00,100,-0.03,22.55,3.54,4.86,0.0,9.122
2025-07-28 20:02:39.557320520+00:00,101,-0.16,22.7,3.47,4.85,0.0,9.18
2025-07-28 20:07:39.602816676+00:00,102,-0.24,22.75,3.25,4.86,0.0,9.203
2025-07-28 20:12:39.480742776+00:00,103,-0.33,23.01,3.02,4.85,0.0,9.305
2025-07-28 20:17:39.442677799+00:00,104,-0.31,22.81,2.18,4.85,0.0,9.227
2025-07-28 20:22:39.408806976+00:00,105,-0.36,22.75,1.37,4.85,0.0,9.203
2025-07-28 20:27:39.360894594+00:00,106,-0.43,22.82,1.0,4.85,0.0,9.228
2025-07-28 20:32:39.326885254+00:00,107,-0.46,22.8,0.8,4.85,0.0,9.221
2025-07-28 20:37:39.294078461+00:00,108,-0.44,22.74,0.67,4.85,0.0,9.197
2025-07-28 20:42:39.252316178+00:00,109,-0.38,22.78,0.6,4.85,0.0,9.213
2025-07-28 20:47:39.217101141+00:00,110,-0.38,22.8,0.57,4.85,0.0,9.219
2025-07-28 20:52:39.190692622+00:00,111,-0.38,22.77,0.56,4.85,0.0,9.203
2025-07-28 20:57:39.147642793+00:00,112,-0.37,22.84,0.55,4.85,0.0,9.23
2025-07-28 21:02:39.114327327+00:00,113,-0.37,22.74,0.55,4.85,0.0,9.186
2025-07-28 21:07:39.082780225+00:00,114,-0.35,22.79,0.55,4.85,0.0,9.208
2025-07-28 21:12:39.042100102+00:00,115,-0.38,22.76,0.55,4.85,0.0,9.196
2025-07-28 21:17:38.997357014+00:00,116,-0.38,22.77,0.55,4.85,0.0,9.198
2025-07-28 21:22:38.971029124+00:00,117,-0.36,22.75,0.55,4.85,0.0,9.189
2025-07-28 21:27:38.956742508+00:00,118,-0.37,22.77,0.55,4.85,0.0,9.197
2025-07-28 21:32:38.890153578+00:00,119,-0.37,22.73,0.55,4.85,0.0,9.184
2025-07-28 21:37:38.851192265+00:00,120,-0.37,22.81,0.55,4.85,0.0,9.212
2025-07-28 21:42:38.824145865+00:00,121,-0.37,22.76,0.55,4.85,0.0,9.191
2025-07-28 21:47:38.786336325+00:00,122,-0.37,22.68,0.55,4.85,0.0,9.16
2025-07-28 21:52:38.746385628+00:00,123,-0.37,22.82,0.56,4.85,0.0,9.213
2025-07-28 21:57:38.718704359+00:00,124,-0.37,22.74,0.56,4.85,0.0,9.182
2025-07-28 22:02:38.675702753+00:00,125,-0.36,22.73,0.56,4.85,0.0,9.176
2025-07-28 22:07:38.663474064+00:00,126,-0.37,22.77,0.56,4.84,0.0,9.191
2025-07-28 22:12:38.628668321+00:00,127,-0.37,22.67,0.55,4.85,0.0,9.151
2025-07-28 22:17:38.520519113+00:00,128,-0.38,22.71,0.55,4.85,0.0,9.168
2025-07-28 22:22:38.478290750+00:00,129,-0.37,22.75,0.55,4.85,0.0,9.183
2025-07-28 22:27:38.501296889+00:00,130,-0.37,22.68,0.55,4.84,0.0,9.155
2025-07-28 22:32:38.465253961+00:00,131,-0.35,22.76,0.55,4.84,0.0,9.189
2025-07-28 22:37:38.438818276+00:00,132,-0.38,22.78,0.55,4.84,0.0,9.193
2025-07-28 22:42:38.387433294+00:00,133,-0.38,22.71,0.56,4.84,0.0,9.166
2025-07-28 22:47:38.448094318+00:00,134,-0.36,22.75,0.56,4.85,0.0,9.189
2025-07-28 22:52:38.410199159+00:00,135,-0.37,22.77,0.56,4.85,0.0,9.193
2025-07-28 22:57:38.275771564+00:00,136,-0.39,22.7,0.56,4.85,0.0,9.169
2025-07-28 23:02:38.245028765+00:00,137,-0.36,22.69,0.55,4.85,0.0,9.163
2025-07-28 23:07:38.310607962+00:00,138,-0.38,22.69,0.55,4.85,0.0,9.164
2025-07-28 23:12:38.268703624+00:00,139,-0.37,22.72,0.55,4.85,0.0,9.177
2025-07-28 23:17:38.232844367+00:00,140,-0.38,22.72,0.55,4.85,0.0,9.179
2025-07-28 23:22:38.193950937+00:00,141,-0.38,22.72,0.55,4.85,0.0,9.178
2025-07-28 23:27:38.080393684+00:00,142,-0.37,22.75,0.55,4.85,0.0,9.188
2025-07-28 23:32:38.033124917+00:00,143,-0.38,22.74,0.55,4.85,0.0,9.185
2025-07-28 23:37:37.987683861+00:00,144,-0.38,22.74,0.55,4.85,0.0,9.186
2025-07-28 23:42:37.955640176+00:00,145,-0.38,22.74,0.55,4.85,0.0,9.187
2025-07-28 23:47:37.932227061+00:00,146,-0.38,22.73,0.55,4.85,0.0,9.182
2025-07-28 23:52:37.894049276+00:00,147,-0.37,22.71,0.55,4.85,0.0,9.171
2025-07-28 23:57:37.854995516+00:00,148,-0.38,22.71,0.55,4.85,0.0,9.172
2025-07-29 00:02:37.816721886+00:00,149,-0.37,22.7,0.55,4.85,0.0,9.165
2025-07-29 00:07:37.770772635+00:00,150,-0.37,22.65,0.55,4.85,0.0,9.148
2025-07-29 00:12:37.746784363+00:00,151,-0.38,22.74,0.55,4.85,0.0,9.183
2025-07-29 00:17:37.717708803+00:00,152,-0.38,22.7,0.55,4.85,0.0,9.165
2025-07-29 00:22:37.671689086+00:00,153,-0.39,22.72,0.55,4.85,0.0,9.172
2025-07-29 00:27:37.649315687+00:00,154,-0.38,22.78,0.55,4.85,0.0,9.199
2025-07-29 00:32:37.592918322+00:00,155,-0.37,22.75,0.55,4.85,0.0,9.186
2025-07-29 00:37:37.561725751+00:00,156,-0.37,22.67,0.55,4.85,0.0,9.154
2025-07-29 00:42:37.499416614+00:00,157,-0.39,22.78,0.55,4.85,0.0,9.196
2025-07-29 00:47:37.443299008+00:00,158,-0.39,22.78,0.55,4.85,0.0,9.198
2025-07-29 00:52:37.400027155+00:00,159,-0.38,22.66,0.55,4.85,0.0,9.151
2025-07-29 00:57:37.367284370+00:00,160,-0.37,22.76,0.55,4.84,0.0,9.186
2025-07-29 01:02:37.341995443+00:00,161,-0.38,22.67,0.55,4.84,0.0,9.151
2025-07-29 01:07:37.293672548+00:00,162,-0.36,22.69,0.55,4.85,0.0,9.159
2025-07-29 01:12:37.258138588+00:00,163,-0.38,22.82,0.55,4.84,0.0,9.209
2025-07-29 01:17:37.217546833+00:00,164,-0.37,22.72,0.55,4.84,0.0,9.168
2025-07-29 01:22:37.195621203+00:00,165,-0.38,22.7,0.55,4.84,0.0,9.162
2025-07-29 01:27:37.158802239+00:00,166,-0.39,22.75,0.55,4.84,0.0,9.183
2025-07-29 01:32:37.113684495+00:00,167,-0.38,22.74,0.55,4.84,0.0,9.176
2025-07-29 01:37:37.158750272+00:00,168,-0.37,22.74,0.55,4.84,0.0,9.176
2025-07-29 01:42:37.100450886+00:00,169,-0.37,22.73,0.55,4.84,0.0,9.173
2025-07-29 01:47:37.057189733+00:00,170,-0.37,22.73,0.55,4.84,0.0,9.172
2025-07-29 01:52:37.022973808+00:00,171,-0.38,22.67,0.55,4.84,0.0,9.144
2025-07-29 01:57:36.944118751+00:00,172,-0.37,22.71,0.55,4.84,0.0,9.16
2025-07-29 02:02:36.904864845+00:00,173,-0.37,22.75,0.55,4.84,0.0,9.176
2025-07-29 02:07:36.863350924+00:00,174,-0.39,22.71,0.55,4.84,0.0,9.159
2025-07-29 02:12:36.836368494+00:00,175,-0.36,22.75,0.55,4.84,0.0,9.175
2025-07-29 02:17:36.793945487+00:00,176,-0.36,22.71,0.55,4.84,0.0,9.163
2025-07-29 02:22:36.762593192+00:00,177,-0.38,22.71,0.55,4.84,0.0,9.16
2025-07-29 02:27:36.756153232+00:00,178,-0.38,22.75,0.55,4.84,0.0,9.174
2025-07-29 02:32:36.743735148+00:00,179,-0.36,22.7,0.55,4.84,0.0,9.152
2025-07-29 02:37:36.741073760+00:00,180,-0.37,22.66,0.55,4.84,0.0,9.138
2025-07-29 02:42:36.674149548+00:00,181,-0.37,22.67,0.55,4.84,0.0,9.142
2025-07-29 02:47:36.642475623+00:00,182,-0.37,22.72,0.55,4.84,0.0,9.162
2025-07-29 02:52:36.616531994+00:00,183,-0.38,22.71,0.55,4.84,0.0,9.155
2025-07-29 02:57:36.566683698+00:00,184,-0.38,22.68,0.55,4.84,0.0,9.141
2025-07-29 03:02:36.608196815+00:00,185,-0.38,22.69,0.55,4.84,0.0,9.154
2025-07-29 03:07:36.598753744+00:00,186,-0.37,22.75,0.56,4.84,0.0,9.182
2025-07-29 03:12:36.552323525+00:00,187,-0.38,22.7,0.56,4.84,0.0,9.159
2025-07-29 03:17:36.546643900+00:00,188,-0.37,22.68,0.56,4.84,0.0,9.15
2025-07-29 03:22:36.404373656+00:00,189,-0.38,22.68,0.57,4.84,0.0,9.147
2025-07-29 03:27:36.359042597+00:00,190,-0.39,22.74,0.58,4.84,0.0,9.175
2025-07-29 03:32:36.320238437+00:00,191,-0.41,22.65,0.62,4.84,0.0,9.14
2025-07-29 03:37:36.268798185+00:00,192,-0.46,22.66,0.7,4.84,0.0,9.14
2025-07-29 03:42:36.247751451+00:00,193,-0.47,22.75,0.85,4.84,0.0,9.176
2025-07-29 03:47:36.218069810+00:00,194,-0.44,22.74,1.07,4.84,0.0,9.174
2025-07-29 03:52:36.184262707+00:00,195,-0.34,22.62,1.5,4.84,0.0,9.123
2025-07-29 03:57:36.148152317+00:00,196,-0.31,22.66,2.2,4.84,0.0,9.139
2025-07-29 04:02:36.115117117+00:00,197,-0.29,22.72,3.02,4.84,0.0,9.162
2025-07-29 04:07:36.084018942+00:00,198,-0.21,22.66,3.36,4.84,0.0,9.141
2025-07-29 04:12:36.053555690+00:00,199,-0.02,22.49,3.54,4.84,0.001,9.071
2025-07-29 04:17:36.006359646+00:00,200,0.19,22.45,3.59,4.84,0.007,9.059
2025-07-29 04:22:35.977495983+00:00,201,0.33,22.53,3.57,4.84,0.028,9.089
2025-07-29 04:27:35.933352856+00:00,202,0.47,22.44,3.57,4.84,0.094,9.053
2025-07-29 04:32:35.895450039+00:00,203,0.78,22.48,3.57,4.84,0.231,9.07
2025-07-29 04:37:35.867810151+00:00,204,1.24,22.6,3.77,4.84,0.389,9.117
2025-07-29 04:42:35.863482094+00:00,205,1.52,22.48,4.23,4.84,0.536,9.07
2025-07-29 04:47:35.794213480+00:00,206,2.17,22.49,4.3,4.84,0.779,9.076
2025-07-29 04:52:35.749672289+00:00,207,2.91,22.5,4.31,4.84,1.045,9.077
2025-07-29 04:57:35.723519958+00:00,208,4.57,22.49,4.31,4.84,1.644,9.076
2025-07-29 05:02:35.680596622+00:00,209,5.68,22.48,4.32,4.84,2.045,9.068
2025-07-29 05:07:35.645245797+00:00,210,5.89,22.58,4.32,4.84,2.12,9.107
2025-07-29 05:12:35.615928035+00:00,211,5.71,22.58,4.32,4.84,2.053,9.105
2025-07-29 05:17:35.578106393+00:00,212,4.59,22.53,4.31,4.84,1.65,9.086
2025-07-29 05:22:35.545768158+00:00,213,5.51,22.56,4.32,4.84,1.982,9.098
2025-07-29 05:27:35.462640685+00:00,214,5.94,22.67,4.32,4.84,2.137,9.144
2025-07-29 05:32:35.425864739+00:00,215,5.11,22.5,4.32,4.84,1.838,9.074
2025-07-29 05:37:35.391451493+00:00,216,3.91,22.43,4.31,4.84,1.403,9.05
2025-07-29 05:42:35.351287337+00:00,217,3.11,22.56,4.31,4.84,1.116,9.1
2025-07-29 05:47:35.319367542+00:00,218,3.46,22.52,4.31,4.84,1.242,9.084
2025-07-29 05:52:35.283943129+00:00,219,3.33,22.53,4.31,4.84,1.194,9.09
2025-07-29 05:57:35.267399499+00:00,220,3.08,22.48,4.31,4.84,1.104,9.071
2025-07-29 06:02:35.211910076+00:00,221,4.35,22.48,4.31,4.84,1.565,9.067
2025-07-29 06:07:35.177074676+00:00,222,5.1,22.46,4.32,4.84,1.833,9.063
2025-07-29 06:12:35.190087284+00:00,223,5.52,22.39,4.32,4.84,1.985,9.035
2025-07-29 06:17:35.155466658+00:00,224,5.7,22.49,4.32,4.84,2.051,9.07
2025-07-29 06:22:35.118227128+00:00,225,6.01,22.61,4.32,4.84,2.164,9.118
2025-07-29 06:27:35.115999993+00:00,226,6.29,22.6,4.32,4.84,2.263,9.111
2025-07-29 06:32:35.054322617+00:00,227,5.3,22.46,4.32,4.84,1.904,9.054
2025-07-29 06:37:35.012446147+00:00,228,4.21,22.47,4.31,4.84,1.513,9.061
2025-07-29 06:42:34.984484852+00:00,229,3.88,22.53,4.31,4.84,1.394,9.085
2025-07-29 06:47:34.949145165+00:00,230,5.2,22.48,4.32,4.84,1.872,9.067
2025-07-29 06:52:34.911072575+00:00,231,7.2,22.48,4.32,4.84,2.595,9.064
2025-07-29 06:57:34.899800402+00:00,232,8.1,22.43,4.33,4.84,2.92,9.048
2025-07-29 07:02:34.839273459+00:00,233,10.02,22.54,4.33,4.84,3.62,9.089
2025-07-29 07:07:34.824653174+00:00,234,12.67,22.71,4.34,4.84,4.586,9.159
2025-07-29 07:12:34.799064040+00:00,235,15.14,22.51,4.35,4.84,5.493,9.079
2025-07-29 07:17:34.725918175+00:00,236,14.82,22.59,4.35,4.84,5.375,9.112
2025-07-29 07:22:34.718298695+00:00,237,11.08,22.6,4.34,4.84,4.006,9.119
2025-07-29 07:27:34.662582108+00:00,238,7.95,22.48,4.33,4.84,2.866,9.068
2025-07-29 07:32:34.659875527+00:00,239,8.32,22.67,4.33,4.84,2.999,9.146
2025-07-29 07:37:34.583016569+00:00,240,11.46,22.61,4.34,4.84,4.147,9.122
2025-07-29 07:42:34.506449478+00:00,241,13.91,22.64,4.35,4.84,5.042,9.134
2025-07-29 07:47:34.511897160+00:00,242,15.45,22.51,4.36,4.84,5.607,9.082
2025-07-29 07:52:34.571226253+00:00,243,16.8,22.53,4.36,4.84,6.106,9.089
2025-07-29 07:57:34.448232688+00:00,244,17.78,22.44,4.36,4.84,6.468,9.054
2025-07-29 08:02:34.497379882+00:00,245,22.62,22.56,4.38,4.84,8.267,9.104
2025-07-29 08:07:34.347854681+00:00,246,32.73,22.55,4.43,4.84,12.071,9.095
2025-07-29 08:12:34.672195281+00:00,247,32.12,22.78,4.42,4.84,11.84,9.173
2025-07-29 08:17:34.594757209+00:00,248,25.42,22.71,4.4,4.83,9.315,9.147
2025-07-29 08:24:35.950969018+00:00,249,27.05,23.65,4.4,4.83,9.924,9.506
2025-07-29 08:34:29.178991187+00:00,250,35.53,23.29,4.44,4.83,13.14,9.365
2025-07-29 08:37:34.483173809+00:00,251,37.81,23.01,4.45,4.83,14.012,9.261
2025-07-29 08:42:34.426344321+00:00,252,38.52,22.59,4.45,4.83,14.287,9.092
2025-07-29 08:47:34.381435246+00:00,253,38.37,22.63,4.45,4.82,14.231,9.089
2025-07-29 08:54:35.716444320+00:00,254,31.47,23.47,4.42,4.82,11.597,9.416
2025-07-29 08:57:34.124701501+00:00,255,41.72,22.74,4.46,4.82,15.531,9.139
2025-07-29 09:02:33.987211285+00:00,256,43.78,22.88,4.48,4.82,16.339,9.194
2025-07-29 09:07:33.934985197+00:00,257,39.99,22.58,4.46,4.82,14.876,9.073
2025-07-29 09:12:33.907674501+00:00,258,38.24,22.74,4.46,4.82,14.201,9.132
2025-07-29 09:17:33.863661713+00:00,259,41.64,22.73,4.47,4.82,15.522,9.137
2025-07-29 09:22:34.554514001+00:00,260,40.86,22.99,4.47,4.83,15.215,9.242
2025-07-29 09:27:34.516076040+00:00,261,42.77,22.75,4.48,4.83,15.953,9.149
2025-07-29 09:37:35.113822553+00:00,262,47.81,22.96,4.5,4.82,17.936,9.227
2025-07-29 09:42:33.982718649+00:00,263,44.19,22.83,4.48,4.83,16.508,9.175
2025-07-29 09:47:33.949384578+00:00,264,51.7,22.7,4.52,4.83,19.454,9.138
2025-07-29 09:52:33.909579483+00:00,265,47.17,22.58,4.49,4.83,17.669,9.095
2025-07-29 09:57:33.719442064+00:00,266,49.67,22.68,4.51,4.84,18.651,9.139
2025-07-29 10:02:33.837764702+00:00,267,52.01,22.76,4.52,4.84,19.574,9.174
2025-07-29 10:09:35.165158492+00:00,268,53.52,23.79,4.52,4.83,20.175,9.57
2025-07-29 10:12:33.759724017+00:00,269,50.43,23.16,4.51,4.84,18.953,9.337
2025-07-29 10:17:33.437163521+00:00,270,53.89,22.69,4.53,4.84,20.325,9.155
2025-07-29 10:22:33.397174274+00:00,271,53.17,22.72,4.52,4.84,20.041,9.166
2025-07-29 10:27:33.307588150+00:00,272,55.68,22.68,4.53,4.84,21.035,9.15
2025-07-29 10:32:33.324028496+00:00,273,58.62,22.74,4.55,4.84,22.214,9.174
2025-07-29 10:37:33.324838071+00:00,274,63.51,22.7,4.57,4.84,24.183,9.157
2025-07-29 10:42:33.360373652+00:00,275,70.64,22.88,4.6,4.84,27.1,9.232
2025-07-29 10:47:33.322385214+00:00,276,68.62,22.74,4.59,4.84,26.272,9.178
2025-07-29 10:52:33.266757570+00:00,277,55.58,22.72,4.53,4.85,20.992,9.171
2025-07-29 10:57:33.227416707+00:00,278,51.43,22.77,4.51,4.85,19.346,9.193
2025-07-29 11:02:33.214951106+00:00,279,65.03,22.9,4.57,4.84,24.801,9.243
2025-07-29 11:07:33.084611382+00:00,280,52.1,22.75,4.52,4.85,19.613,9.188
2025-07-29 11:12:33.026278331+00:00,281,54.68,22.81,4.53,4.85,20.638,9.209
2025-07-29 11:17:32.997620694+00:00,282,66.84,22.72,4.58,4.85,25.525,9.175
2025-07-29 11:22:32.960230716+00:00,283,54.14,22.77,4.52,4.85,20.416,9.196
2025-07-29 11:27:33.023706360+00:00,284,65.05,22.76,4.57,4.85,24.807,9.194
2025-07-29 11:32:32.902788286+00:00,285,89.26,22.78,4.68,4.85,34.844,9.2
2025-07-29 11:37:33.159942404+00:00,286,103.73,22.98,4.75,4.85,41.084,9.273
2025-07-29 11:42:33.122194116+00:00,287,76.26,22.86,4.62,4.85,29.336,9.233
2025-07-29 11:47:32.899742722+00:00,288,60.75,22.82,4.55,4.85,23.026,9.219
2025-07-29 11:52:32.701947515+00:00,289,47.46,22.77,4.49,4.85,17.756,9.2
2025-07-29 11:57:32.665107637+00:00,290,47.54,22.71,4.49,4.85,17.786,9.178
2025-07-29 12:02:32.701267824+00:00,291,49.85,22.79,4.5,4.85,18.689,9.21
2025-07-29 12:07:32.758709819+00:00,292,54.93,22.68,4.52,4.85,20.696,9.164
2025-07-29 12:12:32.724290071+00:00,293,52.61,22.74,4.51,4.85,19.782,9.188
2025-07-29 12:17:32.688563599+00:00,294,42.49,22.84,4.47,4.85,15.821,9.23
2025-07-29 12:22:32.494918692+00:00,295,39.63,22.73,4.46,4.85,14.716,9.186
2025-07-29 12:27:32.812001235+00:00,296,31.63,22.75,4.42,4.85,11.66,9.192
2025-07-29 12:32:32.771433192+00:00,297,28.78,22.8,4.41,4.85,10.579,9.212
2025-07-29 12:37:32.569312281+00:00,298,32.6,22.73,4.43,4.85,12.028,9.182
2025-07-29 12:42:32.408535658+00:00,299,43.27,22.69,4.47,4.85,16.122,9.169
2025-07-29 12:47:32.454357244+00:00,300,58.65,22.71,4.54,4.85,22.169,9.173
2025-07-29 12:52:32.420685795+00:00,301,50.67,22.7,4.5,4.85,19.008,9.172
2025-07-29 12:57:32.378687684+00:00,302,37.87,22.7,4.45,4.85,14.038,9.173
2025-07-29 13:02:32.559743910+00:00,303,37.42,22.78,4.45,4.85,13.865,9.199
2025-07-29 13:07:32.239893818+00:00,304,33.36,22.74,4.43,4.85,12.317,9.188
2025-07-29 13:12:32.133252122+00:00,305,32.0,22.72,4.42,4.85,11.801,9.179
2025-07-29 13:17:32.145327801+00:00,306,35.3,22.68,4.44,4.85,13.054,9.164
2025-07-29 13:22:32.197289485+00:00,307,29.1,22.68,4.41,4.85,10.7,9.163
2025-07-29 13:27:32.169857841+00:00,308,30.1,22.81,4.42,4.85,11.076,9.211
2025-07-29 13:32:32.052622570+00:00,309,31.82,22.83,4.42,4.85,11.729,9.22
2025-07-29 13:37:31.946235076+00:00,310,35.03,22.7,4.44,4.85,12.951,9.168
2025-07-29 13:42:31.912002534+00:00,311,37.96,22.82,4.45,4.85,14.071,9.217
2025-07-29 13:47:31.921379069+00:00,312,37.08,22.64,4.44,4.85,13.733,9.143
2025-07-29 13:52:31.894039188+00:00,313,43.48,22.75,4.47,4.85,16.196,9.185
2025-07-29 13:57:31.858253792+00:00,314,37.83,22.69,4.45,4.84,14.023,9.158
2025-07-29 14:02:31.817481166+00:00,315,29.59,22.69,4.41,4.85,10.885,9.16
2025-07-29 14:07:31.881038420+00:00,316,24.78,22.72,4.39,4.85,9.075,9.17
2025-07-29 14:12:31.757446738+00:00,317,24.25,22.8,4.39,4.85,8.874,9.205
2025-07-29 14:17:31.704155735+00:00,318,30.37,22.66,4.42,4.85,11.18,9.146
2025-07-29 14:22:31.972801235+00:00,319,30.63,22.77,4.42,4.84,11.28,9.189
2025-07-29 14:27:31.637793423+00:00,320,28.46,22.65,4.41,4.84,10.457,9.132
2025-07-29 14:32:31.597680902+00:00,321,34.07,22.71,4.43,4.84,12.585,9.156
2025-07-29 14:37:31.559554040+00:00,322,33.73,22.67,4.43,4.84,12.455,9.142
2025-07-29 14:42:31.521096221+00:00,323,34.25,22.69,4.43,4.84,12.652,9.148
2025-07-29 14:47:31.484201515+00:00,324,29.14,22.64,4.41,4.84,10.715,9.13
2025-07-29 14:52:31.450225694+00:00,325,25.6,22.79,4.4,4.84,9.38,9.191
2025-07-29 14:57:31.406491962+00:00,326,23.85,22.71,4.39,4.84,8.725,9.157
2025-07-29 15:02:31.370249175+00:00,327,29.89,22.7,4.41,4.84,10.999,9.155
2025-07-29 15:07:31.423787063+00:00,328,32.38,22.62,4.42,4.84,11.94,9.119
2025-07-29 15:12:31.388603495+00:00,329,19.35,22.64,4.37,4.84,7.054,9.129
2025-07-29 15:17:31.367268291+00:00,330,20.05,22.69,4.37,4.84,7.312,9.151
2025-07-29 15:22:31.232123724+00:00,331,24.57,22.74,4.39,4.84,8.993,9.171
2025-07-29 15:27:31.183783089+00:00,332,23.43,22.71,4.39,4.84,8.569,9.157
2025-07-29 15:32:31.147327880+00:00,333,25.65,22.65,4.4,4.84,9.4,9.134
2025-07-29 15:37:31.136490850+00:00,334,20.38,22.69,4.38,4.84,7.433,9.152
2025-07-29 15:42:31.075055425+00:00,335,14.07,22.74,4.35,4.84,5.101,9.17
2025-07-29 15:47:31.041977687+00:00,336,14.12,22.76,4.35,4.84,5.119,9.18
2025-07-29 15:52:31.005768802+00:00,337,16.4,22.57,4.36,4.84,5.958,9.1
2025-07-29 15:57:30.976123973+00:00,338,28.97,22.64,4.41,4.84,10.66,9.125
2025-07-29 16:02:30.925731371+00:00,339,37.72,22.64,4.45,4.84,13.975,9.127
2025-07-29 16:07:30.881059977+00:00,340,31.2,22.67,4.42,4.84,11.5,9.137
2025-07-29 16:12:30.951128701+00:00,341,24.21,22.67,4.39,4.84,8.858,9.139
2025-07-29 16:17:30.824525852+00:00,342,23.46,22.74,4.39,4.84,8.581,9.171
2025-07-29 16:22:30.889388079+00:00,343,20.29,22.57,4.38,4.84,7.399,9.102
2025-07-29 16:27:30.824657175+00:00,344,21.98,22.64,4.38,4.84,8.028,9.129
2025-07-29 16:32:30.800649144+00:00,345,25.54,22.71,4.4,4.84,9.356,9.159
2025-07-29 16:37:30.762061461+00:00,346,23.52,22.64,4.39,4.84,8.602,9.129
2025-07-29 16:42:30.745580434+00:00,347,26.34,22.78,4.4,4.84,9.658,9.183
2025-07-29 16:47:30.680370359+00:00,348,26.21,22.63,4.4,4.84,9.608,9.124
2025-07-29 16:52:30.651494070+00:00,349,19.4,22.66,4.37,4.84,7.068,9.139
2025-07-29 16:57:30.825236300+00:00,350,17.03,22.67,4.36,4.84,6.189,9.142
2025-07-29 17:02:30.596959260+00:00,351,13.71,22.89,4.35,4.84,4.969,9.228
2025-07-29 17:07:30.537471963+00:00,352,10.62,22.59,4.34,4.84,3.837,9.107
2025-07-29 17:12:30.506301575+00:00,353,8.97,22.67,4.33,4.84,3.238,9.139
2025-07-29 17:17:30.470848094+00:00,354,6.9,22.62,4.32,4.84,2.484,9.112
2025-07-29 17:22:30.429192294+00:00,355,5.74,22.65,4.32,4.83,2.065,9.123
2025-07-29 17:27:30.412316514+00:00,356,5.39,22.56,4.32,4.83,1.94,9.082
2025-07-29 17:32:30.363291461+00:00,357,5.92,22.77,4.32,4.83,2.131,9.164
2025-07-29 17:37:30.333693695+00:00,358,4.97,22.56,4.31,4.83,1.785,9.079
2025-07-29 17:42:30.292370402+00:00,359,4.43,22.55,4.31,4.83,1.591,9.073
2025-07-29 17:47:30.264923525+00:00,360,4.35,22.59,4.31,4.83,1.563,9.089
2025-07-29 17:52:30.221922683+00:00,361,3.92,22.56,4.31,4.83,1.408,9.076
2025-07-29 17:57:30.209193449+00:00,362,2.82,22.58,4.31,4.83,1.013,9.086
2025-07-29 18:02:30.148977522+00:00,363,2.03,22.58,4.3,4.83,0.726,9.085
2025-07-29 18:07:30.129182418+00:00,364,1.74,22.53,4.3,4.83,0.623,9.064
2025-07-29 18:12:29.995997696+00:00,365,1.54,22.52,4.3,4.83,0.552,9.059
2025-07-29 18:17:29.945184920+00:00,366,1.6,22.47,4.3,4.83,0.573,9.036
2025-07-29 18:22:30.003618107+00:00,367,1.72,22.54,4.3,4.83,0.616,9.065
2025-07-29 18:27:29.965106523+00:00,368,2.08,22.48,4.3,4.83,0.747,9.044
2025-07-29 18:32:29.950995797+00:00,369,2.42,22.55,4.3,4.83,0.869,9.067
2025-07-29 18:37:29.865849386+00:00,370,2.66,22.55,4.3,4.83,0.954,9.067
2025-07-29 18:42:29.862163025+00:00,371,2.73,22.64,4.3,4.83,0.98,9.102
2025-07-29 18:47:31.137134292+00:00,372,2.63,23.17,4.3,4.82,0.944,9.301
2025-07-29 18:57:31.083218781+00:00,373,2.6,22.98,4.3,4.82,0.933,9.229
2025-07-29 19:02:29.926183764+00:00,374,2.2,22.74,4.3,4.83,0.791,9.14
2025-07-29 19:07:29.985974526+00:00,375,1.63,22.53,4.28,4.83,0.582,9.06
2025-07-29 19:12:29.867140835+00:00,376,1.22,22.7,3.82,4.83,0.39,9.124
2025-07-29 19:17:37.566893633+00:00,377,0.75,22.58,3.65,4.83,0.224,9.078
2025-07-29 19:22:29.567716306+00:00,378,0.45,22.56,3.65,4.83,0.083,9.07
2025-07-29 19:27:29.534684154+00:00,379,0.43,22.61,3.65,4.82,0.07,9.088
2025-07-29 19:32:29.620803616+00:00,380,0.58,22.59,3.65,4.82,0.152,9.078
2025-07-29 19:37:29.466508789+00:00,381,0.35,22.62,3.65,4.82,0.04,9.089
2025-07-29 19:42:29.347164078+00:00,382,0.13,22.58,3.67,4.82,0.003,9.071
2025-07-29 19:47:29.296535930+00:00,383,0.03,22.54,3.63,4.82,0.0,9.057
2025-07-29 19:52:29.213804860+00:00,384,-0.05,22.61,3.61,4.82,0.0,9.084
2025-07-29 19:57:29.171894579+00:00,385,-0.18,22.78,3.52,4.82,0.0,9.151
2025-07-29 20:02:29.129946019+00:00,386,-0.26,22.77,3.25,4.82,0.0,9.148
2025-07-29 20:07:38.093742175+00:00,387,-0.3,22.8,3.02,4.82,0.0,9.159
2025-07-29 20:12:29.066422586+00:00,388,-0.3,22.79,2.41,4.82,0.0,9.158
2025-07-29 20:17:29.022436602+00:00,389,-0.31,22.79,1.57,4.82,0.0,9.159
2025-07-29 20:22:28.991632908+00:00,390,-0.46,22.83,1.05,4.82,0.0,9.173
2025-07-29 20:27:29.067836015+00:00,391,-0.46,22.81,0.85,4.82,0.0,9.164
2025-07-29 20:32:28.920268512+00:00,392,-0.46,22.75,0.73,4.82,0.0,9.137
2025-07-29 20:37:28.943682635+00:00,393,-0.43,22.83,0.66,4.82,0.0,9.168
2025-07-29 20:42:28.892163337+00:00,394,-0.4,22.81,0.61,4.82,0.0,9.157
2025-07-29 20:47:28.819578807+00:00,395,-0.38,22.81,0.58,4.82,0.0,9.156
2025-07-29 20:52:28.774972733+00:00,396,-0.38,22.8,0.57,4.82,0.0,9.156
2025-07-29 20:57:28.738308104+00:00,397,-0.39,22.77,0.56,4.82,0.0,9.144
2025-07-29 21:02:28.750640617+00:00,398,-0.37,22.76,0.55,4.82,0.0,9.138
2025-07-29 21:07:28.813477504+00:00,399,-0.37,22.81,0.55,4.82,0.0,9.158
2025-07-29 21:12:28.986222874+00:00,400,-0.4,22.88,0.55,4.82,0.0,9.182
2025-07-29 21:17:28.942528267+00:00,401,-0.37,22.8,0.55,4.82,0.0,9.151
2025-07-29 21:22:37.622080386+00:00,402,-0.37,22.8,0.55,4.82,0.0,9.148
2025-07-29 21:27:28.568675335+00:00,403,-0.36,22.77,0.55,4.81,0.0,9.131
2025-07-29 21:32:28.533536541+00:00,404,-0.37,22.77,0.55,4.81,0.0,9.129
2025-07-29 21:37:28.458173939+00:00,405,-0.37,22.78,0.56,4.81,0.0,9.126
2025-07-29 21:42:28.406084606+00:00,406,-0.36,22.81,0.55,4.81,0.0,9.141
2025-07-29 21:47:28.376797650+00:00,407,-0.37,22.72,0.55,4.81,0.0,9.104
2025-07-29 21:52:28.507798339+00:00,408,-0.36,22.8,0.55,4.81,0.0,9.133
2025-07-29 21:57:28.357030375+00:00,409,-0.37,22.75,0.55,4.81,0.0,9.115
2025-07-29 22:02:28.319497921+00:00,410,-0.36,22.8,0.55,4.81,0.0,9.129
2025-07-29 22:07:28.278437271+00:00,411,-0.39,22.77,0.55,4.81,0.0,9.115
2025-07-29 22:12:28.244033006+00:00,412,-0.35,22.73,0.55,4.81,0.0,9.101
2025-07-29 22:17:28.205106804+00:00,413,-0.36,22.79,0.55,4.81,0.0,9.127
2025-07-29 22:22:28.174029773+00:00,414,-0.36,22.75,0.55,4.81,0.0,9.112
2025-07-29 22:27:28.136217748+00:00,415,-0.37,22.8,0.55,4.81,0.0,9.131
2025-07-29 22:32:28.109414574+00:00,416,-0.37,22.82,0.55,4.81,0.0,9.142
2025-07-29 22:37:28.067755977+00:00,417,-0.38,22.74,0.55,4.81,0.0,9.111
2025-07-29 22:42:28.029488073+00:00,418,-0.37,22.81,0.55,4.81,0.0,9.139
2025-07-29 22:47:27.954105012+00:00,419,-0.37,22.7,0.55,4.81,0.0,9.092
2025-07-29 22:52:27.907718181+00:00,420,-0.37,22.75,0.55,4.81,0.0,9.117
2025-07-29 22:57:27.874761483+00:00,421,-0.38,22.79,0.55,4.81,0.0,9.132
2025-07-29 23:02:27.859797860+00:00,422,-0.36,22.74,0.55,4.81,0.0,9.113
2025-07-29 23:07:27.802805774+00:00,423,-0.38,22.84,0.55,4.81,0.0,9.151
2025-07-29 23:12:27.821151961+00:00,424,-0.39,22.73,0.55,4.81,0.0,9.111
2025-07-29 23:17:27.780091843+00:00,425,-0.37,22.79,0.55,4.81,0.0,9.127
2025-07-29 23:22:27.749550355+00:00,426,-0.37,22.78,0.55,4.81,0.0,9.123
2025-07-29 23:27:27.706818352+00:00,427,-0.37,22.79,0.55,4.81,0.0,9.128
2025-07-29 23:32:27.769885065+00:00,428,-0.37,22.78,0.55,4.81,0.0,9.128
2025-07-29 23:37:27.656561346+00:00,429,-0.37,22.76,0.55,4.81,0.0,9.121
2025-07-29 23:42:27.603346689+00:00,430,-0.39,22.78,0.56,4.81,0.0,9.124
2025-07-29 23:47:27.565993069+00:00,431,-0.39,22.73,0.56,4.81,0.0,9.107
2025-07-29 23:52:27.537033230+00:00,432,-0.38,22.74,0.56,4.81,0.0,9.11
2025-07-29 23:57:27.500098584+00:00,433,-0.38,22.8,0.56,4.81,0.0,9.134
2025-07-30 00:02:27.465677213+00:00,434,-0.37,22.72,0.56,4.81,0.0,9.103
2025-07-30 00:07:27.433000752+00:00,435,-0.38,22.79,0.56,4.81,0.0,9.131
2025-07-30 00:12:27.401491952+00:00,436,-0.38,22.73,0.56,4.81,0.0,9.111
2025-07-30 00:17:27.418531466+00:00,437,-0.37,22.77,0.56,4.81,0.0,9.122
2025-07-30 00:22:27.321408741+00:00,438,-0.39,22.75,0.56,4.81,0.0,9.12
2025-07-30 00:27:27.290731620+00:00,439,-0.37,22.76,0.56,4.81,0.0,9.122
2025-07-30 00:32:27.252425028+00:00,440,-0.37,22.75,0.56,4.81,0.0,9.12
2025-07-30 00:37:27.159301672+00:00,441,-0.36,22.75,0.56,4.81,0.0,9.121
2025-07-30 00:42:27.158809324+00:00,442,-0.37,22.84,0.56,4.81,0.0,9.152
2025-07-30 00:47:27.147520216+00:00,443,-0.37,22.7,0.56,4.81,0.0,9.102
2025-07-30 00:52:27.135409787+00:00,444,-0.38,22.79,0.56,4.81,0.0,9.134
2025-07-30 00:57:27.020801255+00:00,445,-0.38,22.75,0.56,4.81,0.0,9.122
2025-07-30 01:02:26.983018857+00:00,446,-0.38,22.78,0.56,4.81,0.0,9.135
2025-07-30 01:07:26.949926463+00:00,447,-0.38,22.77,0.56,4.81,0.0,9.13
2025-07-30 01:12:26.961057256+00:00,448,-0.4,22.78,0.56,4.81,0.0,9.133
2025-07-30 01:17:26.976074244+00:00,449,-0.38,22.81,0.56,4.81,0.0,9.148
2025-07-30 01:22:26.832962006+00:00,450,-0.37,22.74,0.56,4.81,0.0,9.119
2025-07-30 01:27:26.799570176+00:00,451,-0.38,22.77,0.55,4.81,0.0,9.131
2025-07-30 01:32:26.767499846+00:00,452,-0.39,22.73,0.55,4.81,0.0,9.115
2025-07-30 01:37:26.728294302+00:00,453,-0.38,22.8,0.55,4.81,0.0,9.141
2025-07-30 01:42:26.688345952+00:00,454,-0.38,22.77,0.55,4.81,0.0,9.13
2025-07-30 01:47:26.658201380+00:00,455,-0.38,22.8,0.55,4.81,0.0,9.145
2025-07-30 01:52:26.618818463+00:00,456,-0.38,22.77,0.55,4.81,0.0,9.129
2025-07-30 01:57:26.591325384+00:00,457,-0.37,22.77,0.55,4.81,0.0,9.131
2025-07-30 02:02:26.546050167+00:00,458,-0.36,22.79,0.55,4.81,0.0,9.138
2025-07-30 02:07:26.509065545+00:00,459,-0.38,22.74,0.55,4.81,0.0,9.12
2025-07-30 02:12:26.480892537+00:00,460,-0.38,22.79,0.55,4.81,0.0,9.139
2025-07-30 02:17:26.496198643+00:00,461,-0.38,22.74,0.55,4.81,0.0,9.12
2025-07-30 02:22:26.418805380+00:00,462,-0.39,22.83,0.55,4.81,0.0,9.156
2025-07-30 02:27:26.371116760+00:00,463,-0.39,22.75,0.55,4.81,0.0,9.124
2025-07-30 02:32:26.335574785+00:00,464,-0.39,22.81,0.55,4.81,0.0,9.147
2025-07-30 02:37:34.303693913+00:00,465,-0.38,22.79,0.55,4.81,0.0,9.138
2025-07-30 02:42:26.255162108+00:00,466,-0.4,22.73,0.55,4.81,0.0,9.117
2025-07-30 02:47:26.221061476+00:00,467,-0.37,22.8,0.55,4.81,0.0,9.144
2025-07-30 02:52:26.187649666+00:00,468,-0.38,22.75,0.55,4.81,0.0,9.127
2025-07-30 02:57:26.147763401+00:00,469,-0.37,22.81,0.55,4.81,0.0,9.147
2025-07-30 03:02:26.162464752+00:00,470,-0.38,22.75,0.55,4.81,0.0,9.125
2025-07-30 03:07:26.140650001+00:00,471,-0.38,22.82,0.55,4.81,0.0,9.149
2025-07-30 03:12:26.202372909+00:00,472,-0.39,22.75,0.56,4.81,0.0,9.123
2025-07-30 03:17:26.062091741+00:00,473,-0.36,22.81,0.56,4.81,0.0,9.147
2025-07-30 03:22:26.026451555+00:00,474,-0.38,22.76,0.56,4.81,0.0,9.124
2025-07-30 03:27:25.982807224+00:00,475,-0.37,22.78,0.57,4.81,0.0,9.137
2025-07-30 03:32:25.957490534+00:00,476,-0.38,22.78,0.57,4.81,0.0,9.132
2025-07-30 03:37:25.872974240+00:00,477,-0.38,22.77,0.58,4.81,0.0,9.132
2025-07-30 03:42:25.827370105+00:00,478,-0.39,22.8,0.59,4.81,0.0,9.143
2025-07-30 03:47:25.789531812+00:00,479,-0.42,22.75,0.63,4.81,0.0,9.122
2025-07-30 03:52:25.764140938+00:00,480,-0.47,22.82,0.69,4.81,0.0,9.151
2025-07-30 03:57:25.849793899+00:00,481,-0.48,22.73,0.85,4.81,0.0,9.113
2025-07-30 04:02:25.679244658+00:00,482,-0.46,22.78,1.08,4.81,0.0,9.133
2025-07-30 04:07:25.640079667+00:00,483,-0.36,22.77,1.38,4.81,0.0,9.127
2025-07-30 04:12:25.610721280+00:00,484,-0.28,22.79,1.84,4.81,0.0,9.141
2025-07-30 04:17:25.572475862+00:00,485,-0.31,22.73,2.8,4.81,0.0,9.115
2025-07-30 04:22:25.587254009+00:00,486,-0.25,22.69,3.26,4.81,0.0,9.101
2025-07-30 04:27:25.507963642+00:00,487,-0.21,22.78,3.37,4.81,0.0,9.135
2025-07-30 04:32:25.470261703+00:00,488,-0.13,22.63,3.57,4.81,0.0,9.077
2025-07-30 04:37:25.560425529+00:00,489,-0.08,22.66,3.6,4.81,0.0,9.085
2025-07-30 04:42:25.753371865+00:00,490,-0.02,22.81,3.62,4.81,0.0,9.144
2025-07-30 04:47:25.732896231+00:00,491,0.1,22.53,3.65,4.81,0.001,9.037
2025-07-30 04:52:25.527324428+00:00,492,0.08,22.61,3.65,4.81,0.0,9.067
2025-07-30 04:57:25.434238719+00:00,493,0.02,22.57,3.63,4.81,0.0,9.052
2025-07-30 05:02:25.309261054+00:00,494,-0.03,22.64,3.61,4.81,0.0,9.081
2025-07-30 05:07:25.276487333+00:00,495,-0.06,22.61,3.61,4.81,0.0,9.068
2025-07-30 05:12:25.232327472+00:00,496,0.11,22.6,3.65,4.82,0.005,9.066
2025-07-30 05:17:25.194743279+00:00,497,0.54,22.51,3.65,4.82,0.139,9.032
2025-07-30 05:22:33.107248225+00:00,498,1.01,22.57,3.66,4.81,0.306,9.053
2025-07-30 05:27:25.069668459+00:00,499,0.94,22.51,3.65,4.81,0.287,9.029
2025-07-30 05:32:25.044308382+00:00,500,1.65,22.56,4.08,4.81,0.57,9.045
2025-07-30 05:37:25.000142554+00:00,501,2.04,22.53,4.3,4.81,0.733,9.036
2025-07-30 05:42:24.956660981+00:00,502,1.96,22.54,4.3,4.81,0.704,9.042
2025-07-30 05:47:24.932332737+00:00,503,2.59,22.61,4.31,4.81,0.928,9.071
2025-07-30 05:52:24.894822571+00:00,504,4.06,22.5,4.31,4.81,1.459,9.025
2025-07-30 05:57:24.908239723+00:00,505,4.32,22.56,4.31,4.81,1.553,9.046
2025-07-30 06:02:24.865808154+00:00,506,3.87,22.51,4.31,4.82,1.389,9.03
2025-07-30 06:07:24.832742342+00:00,507,5.35,22.57,4.32,4.82,1.925,9.056
2025-07-30 06:12:24.803122541+00:00,508,8.63,22.51,4.33,4.82,3.113,9.032
2025-07-30 06:17:24.761665686+00:00,509,8.32,22.53,4.33,4.82,3.003,9.047
2025-07-30 06:22:24.720210759+00:00,510,6.75,22.6,4.32,4.82,2.431,9.074
2025-07-30 06:27:24.688900301+00:00,511,6.46,22.62,4.32,4.82,2.328,9.083
2025-07-30 06:32:24.652171892+00:00,512,7.84,22.48,4.33,4.82,2.829,9.03
2025-07-30 06:37:24.619313864+00:00,513,10.07,22.52,4.34,4.82,3.637,9.045
2025-07-30 06:42:24.620571030+00:00,514,12.96,22.76,4.35,4.82,4.696,9.142
2025-07-30 06:47:24.546057863+00:00,515,15.7,22.48,4.36,4.83,5.704,9.039
2025-07-30 06:52:24.525527489+00:00,516,17.45,22.52,4.37,4.82,6.35,9.05
2025-07-30 06:57:24.488616522+00:00,517,14.26,22.6,4.35,4.82,5.176,9.081
