time,fcnt,Im_solar,Im_logic,Vm_solar,Vm_logic,solar_mWh,logic_mWh
2025-07-29 00:02:37.816721886+00:00,149,-0.37,22.7,0.55,4.85,0,9.165
2025-07-29 00:07:37.770772635+00:00,150,-0.37,22.65,0.55,4.85,0,9.148
2025-07-29 00:12:37.746784363+00:00,151,-0.38,22.74,0.55,4.85,0,9.183
2025-07-29 00:17:37.717708803+00:00,152,-0.38,22.7,0.55,4.85,0,9.165
2025-07-29 00:22:37.671689086+00:00,153,-0.39,22.72,0.55,4.85,0,9.172
2025-07-29 00:27:37.649315687+00:00,154,-0.38,22.78,0.55,4.85,0,9.199
2025-07-29 00:32:37.592918322+00:00,155,-0.37,22.75,0.55,4.85,0,9.186
2025-07-29 00:37:37.561725751+00:00,156,-0.37,22.67,0.55,4.85,0,9.154
2025-07-29 00:42:37.499416614+00:00,157,-0.39,22.78,0.55,4.85,0,9.196
2025-07-29 00:47:37.443299008+00:00,158,-0.39,22.78,0.55,4.85,0,9.198
2025-07-29 00:52:37.400027155+00:00,159,-0.38,22.66,0.55,4.85,0,9.151
2025-07-29 00:57:37.367284370+00:00,160,-0.37,22.76,0.55,4.84,0,9.186
2025-07-29 01:02:37.341995443+00:00,161,-0.38,22.67,0.55,4.84,0,9.151
2025-07-29 01:07:37.293672548+00:00,162,-0.36,22.69,0.55,4.85,0,9.159
2025-07-29 01:12:37.258138588+00:00,163,-0.38,22.82,0.55,4.84,0,9.209
2025-07-29 01:17:37.217546833+00:00,164,-0.37,22.72,0.55,4.84,0,9.168
2025-07-29 01:22:37.195621203+00:00,165,-0.38,22.7,0.55,4.84,0,9.162
2025-07-29 01:27:37.158802239+00:00,166,-0.39,22.75,0.55,4.84,0,9.183
2025-07-29 01:32:37.113684495+00:00,167,-0.38,22.74,0.55,4.84,0,9.176
2025-07-29 01:37:37.158750272+00:00,168,-0.37,22.74,0.55,4.84,0,9.176
2025-07-29 01:42:37.100450886+00:00,169,-0.37,22.73,0.55,4.84,0,9.173
2025-07-29 01:47:37.057189733+00:00,170,-0.37,22.73,0.55,4.84,0,9.172
2025-07-29 01:52:37.022973808+00:00,171,-0.38,22.67,0.55,4.84,0,9.144
2025-07-29 01:57:36.944118751+00:00,172,-0.37,22.71,0.55,4.84,0,9.16
2025-07-29 02:02:36.904864845+00:00,173,-0.37,22.75,0.55,4.84,0,9.176
2025-07-29 02:07:36.863350924+00:00,174,-0.39,22.71,0.55,4.84,0,9.159
2025-07-29 02:12:36.836368494+00:00,175,-0.36,22.75,0.55,4.84,0,9.175
2025-07-29 02:17:36.793945487+00:00,176,-0.36,22.71,0.55,4.84,0,9.163
2025-07-29 02:22:36.762593192+00:00,177,-0.38,22.71,0.55,4.84,0,9.16
2025-07-29 02:27:36.756153232+00:00,178,-0.38,22.75,0.55,4.84,0,9.174
2025-07-29 02:32:36.743735148+00:00,179,-0.36,22.7,0.55,4.84,0,9.152
2025-07-29 02:37:36.741073760+00:00,180,-0.37,22.66,0.55,4.84,0,9.138
2025-07-29 02:42:36.674149548+00:00,181,-0.37,22.67,0.55,4.84,0,9.142
2025-07-29 02:47:36.642475623+00:00,182,-0.37,22.72,0.55,4.84,0,9.162
2025-07-29 02:52:36.616531994+00:00,183,-0.38,22.71,0.55,4.84,0,9.155
2025-07-29 02:57:36.566683698+00:00,184,-0.38,22.68,0.55,4.84,0,9.141
2025-07-29 03:02:36.608196815+00:00,185,-0.38,22.69,0.55,4.84,0,9.154
2025-07-29 03:07:36.598753744+00:00,186,-0.37,22.75,0.56,4.84,0,9.182
2025-07-29 03:12:36.552323525+00:00,187,-0.38,22.7,0.56,4.84,0,9.159
2025-07-29 03:17:36.546643900+00:00,188,-0.37,22.68,0.56,4.84,0,9.15
2025-07-29 03:22:36.404373656+00:00,189,-0.38,22.68,0.57,4.84,0,9.147
2025-07-29 03:27:36.359042597+00:00,190,-0.39,22.74,0.58,4.84,0,9.175
2025-07-29 03:32:36.320238437+00:00,191,-0.41,22.65,0.62,4.84,0,9.14
2025-07-29 03:37:36.268798185+00:00,192,-0.46,22.66,0.7,4.84,0,9.14
2025-07-29 03:42:36.247751451+00:00,193,-0.47,22.75,0.85,4.84,0,9.176
2025-07-29 03:47:36.218069810+00:00,194,-0.44,22.74,1.07,4.84,0,9.174
2025-07-29 03:52:36.184262707+00:00,195,-0.34,22.62,1.5,4.84,0,9.123
2025-07-29 03:57:36.148152317+00:00,196,-0.31,22.66,2.2,4.84,0,9.139
2025-07-29 04:02:36.115117117+00:00,197,-0.29,22.72,3.02,4.84,0,9.162
2025-07-29 04:07:36.084018942+00:00,198,-0.21,22.66,3.36,4.84,0,9.141
2025-07-29 04:12:36.053555690+00:00,199,-0.02,22.49,3.54,4.84,0.001,9.071
2025-07-29 04:17:36.006359646+00:00,200,0.19,22.45,3.59,4.84,0.007,9.059
2025-07-29 04:22:35.977495983+00:00,201,0.33,22.53,3.57,4.84,0.028,9.089
2025-07-29 04:27:35.933352856+00:00,202,0.47,22.44,3.57,4.84,0.094,9.053
2025-07-29 04:32:35.895450039+00:00,203,0.78,22.48,3.57,4.84,0.231,9.07
2025-07-29 04:37:35.867810151+00:00,204,1.24,22.6,3.77,4.84,0.389,9.117
2025-07-29 04:42:35.863482094+00:00,205,1.52,22.48,4.23,4.84,0.536,9.07
2025-07-29 04:47:35.794213480+00:00,206,2.17,22.49,4.3,4.84,0.779,9.076
2025-07-29 04:52:35.749672289+00:00,207,2.91,22.5,4.31,4.84,1.045,9.077
2025-07-29 04:57:35.723519958+00:00,208,4.57,22.49,4.31,4.84,1.644,9.076
2025-07-29 05:02:35.680596622+00:00,209,5.68,22.48,4.32,4.84,2.045,9.068
2025-07-29 05:07:35.645245797+00:00,210,5.89,22.58,4.32,4.84,2.12,9.107
2025-07-29 05:12:35.615928035+00:00,211,5.71,22.58,4.32,4.84,2.053,9.105
2025-07-29 05:17:35.578106393+00:00,212,4.59,22.53,4.31,4.84,1.65,9.086
2025-07-29 05:22:35.545768158+00:00,213,5.51,22.56,4.32,4.84,1.982,9.098
2025-07-29 05:27:35.462640685+00:00,214,5.94,22.67,4.32,4.84,2.137,9.144
2025-07-29 05:32:35.425864739+00:00,215,5.11,22.5,4.32,4.84,1.838,9.074
2025-07-29 05:37:35.391451493+00:00,216,3.91,22.43,4.31,4.84,1.403,9.05
2025-07-29 05:42:35.351287337+00:00,217,3.11,22.56,4.31,4.84,1.116,9.1
2025-07-29 05:47:35.319367542+00:00,218,3.46,22.52,4.31,4.84,1.242,9.084
2025-07-29 05:52:35.283943129+00:00,219,3.33,22.53,4.31,4.84,1.194,9.09
2025-07-29 05:57:35.267399499+00:00,220,3.08,22.48,4.31,4.84,1.104,9.071
2025-07-29 06:02:35.211910076+00:00,221,4.35,22.48,4.31,4.84,1.565,9.067
2025-07-29 06:07:35.177074676+00:00,222,5.1,22.46,4.32,4.84,1.833,9.063
2025-07-29 06:12:35.190087284+00:00,223,5.52,22.39,4.32,4.84,1.985,9.035
2025-07-29 06:17:35.155466658+00:00,224,5.7,22.49,4.32,4.84,2.051,9.07
2025-07-29 06:22:35.118227128+00:00,225,6.01,22.61,4.32,4.84,2.164,9.118
2025-07-29 06:27:35.115999993+00:00,226,6.29,22.6,4.32,4.84,2.263,9.111
2025-07-29 06:32:35.054322617+00:00,227,5.3,22.46,4.32,4.84,1.904,9.054
2025-07-29 06:37:35.012446147+00:00,228,4.21,22.47,4.31,4.84,1.513,9.061
2025-07-29 06:42:34.984484852+00:00,229,3.88,22.53,4.31,4.84,1.394,9.085
2025-07-29 06:47:34.949145165+00:00,230,5.2,22.48,4.32,4.84,1.872,9.067
2025-07-29 06:52:34.911072575+00:00,231,7.2,22.48,4.32,4.84,2.595,9.064
2025-07-29 06:57:34.899800402+00:00,232,8.1,22.43,4.33,4.84,2.92,9.048
2025-07-29 07:02:34.839273459+00:00,233,10.02,22.54,4.33,4.84,3.62,9.089
2025-07-29 07:07:34.824653174+00:00,234,12.67,22.71,4.34,4.84,4.586,9.159
2025-07-29 07:12:34.799064040+00:00,235,15.14,22.51,4.35,4.84,5.493,9.079
2025-07-29 07:17:34.725918175+00:00,236,14.82,22.59,4.35,4.84,5.375,9.112
2025-07-29 07:22:34.718298695+00:00,237,11.08,22.6,4.34,4.84,4.006,9.119
2025-07-29 07:27:34.662582108+00:00,238,7.95,22.48,4.33,4.84,2.866,9.068
2025-07-29 07:32:34.659875527+00:00,239,8.32,22.67,4.33,4.84,2.999,9.146
2025-07-29 07:37:34.583016569+00:00,240,11.46,22.61,4.34,4.84,4.147,9.122
2025-07-29 07:42:34.506449478+00:00,241,13.91,22.64,4.35,4.84,5.042,9.134
2025-07-29 07:47:34.511897160+00:00,242,15.45,22.51,4.36,4.84,5.607,9.082
2025-07-29 07:52:34.571226253+00:00,243,16.8,22.53,4.36,4.84,6.106,9.089
2025-07-29 07:57:34.448232688+00:00,244,17.78,22.44,4.36,4.84,6.468,9.054
2025-07-29 08:02:34.497379882+00:00,245,22.62,22.56,4.38,4.84,8.267,9.104
2025-07-29 08:07:34.347854681+00:00,246,32.73,22.55,4.43,4.84,12.071,9.095
2025-07-29 08:12:34.672195281+00:00,247,32.12,22.78,4.42,4.84,11.84,9.173
2025-07-29 08:17:34.594757209+00:00,248,25.42,22.71,4.4,4.83,9.315,9.147
2025-07-29 08:24:35.950969018+00:00,249,27.05,23.65,4.4,4.83,9.924,9.506
2025-07-29 08:34:29.178991187+00:00,250,35.53,23.29,4.44,4.83,13.14,9.365
2025-07-29 08:37:34.483173809+00:00,251,37.81,23.01,4.45,4.83,14.012,9.261
2025-07-29 08:42:34.426344321+00:00,252,38.52,22.59,4.45,4.83,14.287,9.092
2025-07-29 08:47:34.381435246+00:00,253,38.37,22.63,4.45,4.82,14.231,9.089
2025-07-29 08:54:35.716444320+00:00,254,31.47,23.47,4.42,4.82,11.597,9.416
2025-07-29 08:57:34.124701501+00:00,255,41.72,22.74,4.46,4.82,15.531,9.139
2025-07-29 09:02:33.987211285+00:00,256,43.78,22.88,4.48,4.82,16.339,9.194
2025-07-29 09:07:33.934985197+00:00,257,39.99,22.58,4.46,4.82,14.876,9.073
2025-07-29 09:12:33.907674501+00:00,258,38.24,22.74,4.46,4.82,14.201,9.132
2025-07-29 09:17:33.863661713+00:00,259,41.64,22.73,4.47,4.82,15.522,9.137
2025-07-29 09:22:34.554514001+00:00,260,40.86,22.99,4.47,4.83,15.215,9.242
2025-07-29 09:27:34.516076040+00:00,261,42.77,22.75,4.48,4.83,15.953,9.149
2025-07-29 09:37:35.113822553+00:00,262,47.81,22.96,4.5,4.82,17.936,9.227
2025-07-29 09:42:33.982718649+00:00,263,44.19,22.83,4.48,4.83,16.508,9.175
2025-07-29 09:47:33.949384578+00:00,264,51.7,22.7,4.52,4.83,19.454,9.138
2025-07-29 09:52:33.909579483+00:00,265,47.17,22.58,4.49,4.83,17.669,9.095
2025-07-29 09:57:33.719442064+00:00,266,49.67,22.68,4.51,4.84,18.651,9.139
2025-07-29 10:02:33.837764702+00:00,267,52.01,22.76,4.52,4.84,19.574,9.174
2025-07-29 10:09:35.165158492+00:00,268,53.52,23.79,4.52,4.83,20.175,9.57
2025-07-29 10:12:33.759724017+00:00,269,50.43,23.16,4.51,4.84,18.953,9.337
2025-07-29 10:17:33.437163521+00:00,270,53.89,22.69,4.53,4.84,20.325,9.155
2025-07-29 10:22:33.397174274+00:00,271,53.17,22.72,4.52,4.84,20.041,9.166
2025-07-29 10:27:33.307588150+00:00,272,55.68,22.68,4.53,4.84,21.035,9.15
2025-07-29 10:32:33.324028496+00:00,273,58.62,22.74,4.55,4.84,22.214,9.174
2025-07-29 10:37:33.324838071+00:00,274,63.51,22.7,4.57,4.84,24.183,9.157
2025-07-29 10:42:33.360373652+00:00,275,70.64,22.88,4.6,4.84,27.1,9.232
2025-07-29 10:47:33.322385214+00:00,276,68.62,22.74,4.59,4.84,26.272,9.178
2025-07-29 10:52:33.266757570+00:00,277,55.58,22.72,4.53,4.85,20.992,9.171
2025-07-29 10:57:33.227416707+00:00,278,51.43,22.77,4.51,4.85,19.346,9.193
2025-07-29 11:02:33.214951106+00:00,279,65.03,22.9,4.57,4.84,24.801,9.243
2025-07-29 11:07:33.084611382+00:00,280,52.1,22.75,4.52,4.85,19.613,9.188
2025-07-29 11:12:33.026278331+00:00,281,54.68,22.81,4.53,4.85,20.638,9.209
2025-07-29 11:17:32.997620694+00:00,282,66.84,22.72,4.58,4.85,25.525,9.175
2025-07-29 11:22:32.960230716+00:00,283,54.14,22.77,4.52,4.85,20.416,9.196
2025-07-29 11:27:33.023706360+00:00,284,65.05,22.76,4.57,4.85,24.807,9.194
2025-07-29 11:32:32.902788286+00:00,285,89.26,22.78,4.68,4.85,34.844,9.2
2025-07-29 11:37:33.159942404+00:00,286,103.73,22.98,4.75,4.85,41.084,9.273
2025-07-29 11:42:33.122194116+00:00,287,76.26,22.86,4.62,4.85,29.336,9.233
2025-07-29 11:47:32.899742722+00:00,288,60.75,22.82,4.55,4.85,23.026,9.219
2025-07-29 11:52:32.701947515+00:00,289,47.46,22.77,4.49,4.85,17.756,9.2
2025-07-29 11:57:32.665107637+00:00,290,47.54,22.71,4.49,4.85,17.786,9.178
2025-07-29 12:02:32.701267824+00:00,291,49.85,22.79,4.5,4.85,18.689,9.21
2025-07-29 12:07:32.758709819+00:00,292,54.93,22.68,4.52,4.85,20.696,9.164
2025-07-29 12:12:32.724290071+00:00,293,52.61,22.74,4.51,4.85,19.782,9.188
2025-07-29 12:17:32.688563599+00:00,294,42.49,22.84,4.47,4.85,15.821,9.23
2025-07-29 12:22:32.494918692+00:00,295,39.63,22.73,4.46,4.85,14.716,9.186
2025-07-29 12:27:32.812001235+00:00,296,31.63,22.75,4.42,4.85,11.66,9.192
2025-07-29 12:32:32.771433192+00:00,297,28.78,22.8,4.41,4.85,10.579,9.212
2025-07-29 12:37:32.569312281+00:00,298,32.6,22.73,4.43,4.85,12.028,9.182
2025-07-29 12:42:32.408535658+00:00,299,43.27,22.69,4.47,4.85,16.122,9.169
2025-07-29 12:47:32.454357244+00:00,300,58.65,22.71,4.54,4.85,22.169,9.173
2025-07-29 12:52:32.420685795+00:00,301,50.67,22.7,4.5,4.85,19.008,9.172
2025-07-29 12:57:32.378687684+00:00,302,37.87,22.7,4.45,4.85,14.038,9.173
2025-07-29 13:02:32.559743910+00:00,303,37.42,22.78,4.45,4.85,13.865,9.199
2025-07-29 13:07:32.239893818+00:00,304,33.36,22.74,4.43,4.85,12.317,9.188
2025-07-29 13:12:32.133252122+00:00,305,32,22.72,4.42,4.85,11.801,9.179
2025-07-29 13:17:32.145327801+00:00,306,35.3,22.68,4.44,4.85,13.054,9.164
2025-07-29 13:22:32.197289485+00:00,307,29.1,22.68,4.41,4.85,10.7,9.163
2025-07-29 13:27:32.169857841+00:00,308,30.1,22.81,4.42,4.85,11.076,9.211
2025-07-29 13:32:32.052622570+00:00,309,31.82,22.83,4.42,4.85,11.729,9.22
2025-07-29 13:37:31.946235076+00:00,310,35.03,22.7,4.44,4.85,12.951,9.168
2025-07-29 13:42:31.912002534+00:00,311,37.96,22.82,4.45,4.85,14.071,9.217
2025-07-29 13:47:31.921379069+00:00,312,37.08,22.64,4.44,4.85,13.733,9.143
2025-07-29 13:52:31.894039188+00:00,313,43.48,22.75,4.47,4.85,16.196,9.185
2025-07-29 13:57:31.858253792+00:00,314,37.83,22.69,4.45,4.84,14.023,9.158
2025-07-29 14:02:31.817481166+00:00,315,29.59,22.69,4.41,4.85,10.885,9.16
2025-07-29 14:07:31.881038420+00:00,316,24.78,22.72,4.39,4.85,9.075,9.17
2025-07-29 14:12:31.757446738+00:00,317,24.25,22.8,4.39,4.85,8.874,9.205
2025-07-29 14:17:31.704155735+00:00,318,30.37,22.66,4.42,4.85,11.18,9.146
2025-07-29 14:22:31.972801235+00:00,319,30.63,22.77,4.42,4.84,11.28,9.189
2025-07-29 14:27:31.637793423+00:00,320,28.46,22.65,4.41,4.84,10.457,9.132
2025-07-29 14:32:31.597680902+00:00,321,34.07,22.71,4.43,4.84,12.585,9.156
2025-07-29 14:37:31.559554040+00:00,322,33.73,22.67,4.43,4.84,12.455,9.142
2025-07-29 14:42:31.521096221+00:00,323,34.25,22.69,4.43,4.84,12.652,9.148
2025-07-29 14:47:31.484201515+00:00,324,29.14,22.64,4.41,4.84,10.715,9.13
2025-07-29 14:52:31.450225694+00:00,325,25.6,22.79,4.4,4.84,9.38,9.191
2025-07-29 14:57:31.406491962+00:00,326,23.85,22.71,4.39,4.84,8.725,9.157
2025-07-29 15:02:31.370249175+00:00,327,29.89,22.7,4.41,4.84,10.999,9.155
2025-07-29 15:07:31.423787063+00:00,328,32.38,22.62,4.42,4.84,11.94,9.119
2025-07-29 15:12:31.388603495+00:00,329,19.35,22.64,4.37,4.84,7.054,9.129
2025-07-29 15:17:31.367268291+00:00,330,20.05,22.69,4.37,4.84,7.312,9.151
2025-07-29 15:22:31.232123724+00:00,331,24.57,22.74,4.39,4.84,8.993,9.171
2025-07-29 15:27:31.183783089+00:00,332,23.43,22.71,4.39,4.84,8.569,9.157
2025-07-29 15:32:31.147327880+00:00,333,25.65,22.65,4.4,4.84,9.4,9.134
2025-07-29 15:37:31.136490850+00:00,334,20.38,22.69,4.38,4.84,7.433,9.152
2025-07-29 15:42:31.075055425+00:00,335,14.07,22.74,4.35,4.84,5.101,9.17
2025-07-29 15:47:31.041977687+00:00,336,14.12,22.76,4.35,4.84,5.119,9.18
2025-07-29 15:52:31.005768802+00:00,337,16.4,22.57,4.36,4.84,5.958,9.1
2025-07-29 15:57:30.976123973+00:00,338,28.97,22.64,4.41,4.84,10.66,9.125
2025-07-29 16:02:30.925731371+00:00,339,37.72,22.64,4.45,4.84,13.975,9.127
2025-07-29 16:07:30.881059977+00:00,340,31.2,22.67,4.42,4.84,11.5,9.137
2025-07-29 16:12:30.951128701+00:00,341,24.21,22.67,4.39,4.84,8.858,9.139
2025-07-29 16:17:30.824525852+00:00,342,23.46,22.74,4.39,4.84,8.581,9.171
2025-07-29 16:22:30.889388079+00:00,343,20.29,22.57,4.38,4.84,7.399,9.102
2025-07-29 16:27:30.824657175+00:00,344,21.98,22.64,4.38,4.84,8.028,9.129
2025-07-29 16:32:30.800649144+00:00,345,25.54,22.71,4.4,4.84,9.356,9.159
2025-07-29 16:37:30.762061461+00:00,346,23.52,22.64,4.39,4.84,8.602,9.129
2025-07-29 16:42:30.745580434+00:00,347,26.34,22.78,4.4,4.84,9.658,9.183
2025-07-29 16:47:30.680370359+00:00,348,26.21,22.63,4.4,4.84,9.608,9.124
2025-07-29 16:52:30.651494070+00:00,349,19.4,22.66,4.37,4.84,7.068,9.139
2025-07-29 16:57:30.825236300+00:00,350,17.03,22.67,4.36,4.84,6.189,9.142
2025-07-29 17:02:30.596959260+00:00,351,13.71,22.89,4.35,4.84,4.969,9.228
2025-07-29 17:07:30.537471963+00:00,352,10.62,22.59,4.34,4.84,3.837,9.107
2025-07-29 17:12:30.506301575+00:00,353,8.97,22.67,4.33,4.84,3.238,9.139
2025-07-29 17:17:30.470848094+00:00,354,6.9,22.62,4.32,4.84,2.484,9.112
2025-07-29 17:22:30.429192294+00:00,355,5.74,22.65,4.32,4.83,2.065,9.123
2025-07-29 17:27:30.412316514+00:00,356,5.39,22.56,4.32,4.83,1.94,9.082
2025-07-29 17:32:30.363291461+00:00,357,5.92,22.77,4.32,4.83,2.131,9.164
2025-07-29 17:37:30.333693695+00:00,358,4.97,22.56,4.31,4.83,1.785,9.079
2025-07-29 17:42:30.292370402+00:00,359,4.43,22.55,4.31,4.83,1.591,9.073
2025-07-29 17:47:30.264923525+00:00,360,4.35,22.59,4.31,4.83,1.563,9.089
2025-07-29 17:52:30.221922683+00:00,361,3.92,22.56,4.31,4.83,1.408,9.076
2025-07-29 17:57:30.209193449+00:00,362,2.82,22.58,4.31,4.83,1.013,9.086
2025-07-29 18:02:30.148977522+00:00,363,2.03,22.58,4.3,4.83,0.726,9.085
2025-07-29 18:07:30.129182418+00:00,364,1.74,22.53,4.3,4.83,0.623,9.064
2025-07-29 18:12:29.995997696+00:00,365,1.54,22.52,4.3,4.83,0.552,9.059
2025-07-29 18:17:29.945184920+00:00,366,1.6,22.47,4.3,4.83,0.573,9.036
2025-07-29 18:22:30.003618107+00:00,367,1.72,22.54,4.3,4.83,0.616,9.065
2025-07-29 18:27:29.965106523+00:00,368,2.08,22.48,4.3,4.83,0.747,9.044
2025-07-29 18:32:29.950995797+00:00,369,2.42,22.55,4.3,4.83,0.869,9.067
2025-07-29 18:37:29.865849386+00:00,370,2.66,22.55,4.3,4.83,0.954,9.067
2025-07-29 18:42:29.862163025+00:00,371,2.73,22.64,4.3,4.83,0.98,9.102
2025-07-29 18:47:31.137134292+00:00,372,2.63,23.17,4.3,4.82,0.944,9.301
2025-07-29 18:57:31.083218781+00:00,373,2.6,22.98,4.3,4.82,0.933,9.229
2025-07-29 19:02:29.926183764+00:00,374,2.2,22.74,4.3,4.83,0.791,9.14
2025-07-29 19:07:29.985974526+00:00,375,1.63,22.53,4.28,4.83,0.582,9.06
2025-07-29 19:12:29.867140835+00:00,376,1.22,22.7,3.82,4.83,0.39,9.124
2025-07-29 19:17:37.566893633+00:00,377,0.75,22.58,3.65,4.83,0.224,9.078
2025-07-29 19:22:29.567716306+00:00,378,0.45,22.56,3.65,4.83,0.083,9.07
2025-07-29 19:27:29.534684154+00:00,379,0.43,22.61,3.65,4.82,0.07,9.088
2025-07-29 19:32:29.620803616+00:00,380,0.58,22.59,3.65,4.82,0.152,9.078
2025-07-29 19:37:29.466508789+00:00,381,0.35,22.62,3.65,4.82,0.04,9.089
2025-07-29 19:42:29.347164078+00:00,382,0.13,22.58,3.67,4.82,0.003,9.071
2025-07-29 19:47:29.296535930+00:00,383,0.03,22.54,3.63,4.82,0,9.057
2025-07-29 19:52:29.213804860+00:00,384,-0.05,22.61,3.61,4.82,0,9.084
2025-07-29 19:57:29.171894579+00:00,385,-0.18,22.78,3.52,4.82,0,9.151
2025-07-29 20:02:29.129946019+00:00,386,-0.26,22.77,3.25,4.82,0,9.148
2025-07-29 20:07:38.093742175+00:00,387,-0.3,22.8,3.02,4.82,0,9.159
2025-07-29 20:12:29.066422586+00:00,388,-0.3,22.79,2.41,4.82,0,9.158
2025-07-29 20:17:29.022436602+00:00,389,-0.31,22.79,1.57,4.82,0,9.159
2025-07-29 20:22:28.991632908+00:00,390,-0.46,22.83,1.05,4.82,0,9.173
2025-07-29 20:27:29.067836015+00:00,391,-0.46,22.81,0.85,4.82,0,9.164
2025-07-29 20:32:28.920268512+00:00,392,-0.46,22.75,0.73,4.82,0,9.137
2025-07-29 20:37:28.943682635+00:00,393,-0.43,22.83,0.66,4.82,0,9.168
2025-07-29 20:42:28.892163337+00:00,394,-0.4,22.81,0.61,4.82,0,9.157
2025-07-29 20:47:28.819578807+00:00,395,-0.38,22.81,0.58,4.82,0,9.156
2025-07-29 20:52:28.774972733+00:00,396,-0.38,22.8,0.57,4.82,0,9.156
2025-07-29 20:57:28.738308104+00:00,397,-0.39,22.77,0.56,4.82,0,9.144
2025-07-29 21:02:28.750640617+00:00,398,-0.37,22.76,0.55,4.82,0,9.138
2025-07-29 21:07:28.813477504+00:00,399,-0.37,22.81,0.55,4.82,0,9.158
2025-07-29 21:12:28.986222874+00:00,400,-0.4,22.88,0.55,4.82,0,9.182
2025-07-29 21:17:28.942528267+00:00,401,-0.37,22.8,0.55,4.82,0,9.151
2025-07-29 21:22:37.622080386+00:00,402,-0.37,22.8,0.55,4.82,0,9.148
2025-07-29 21:27:28.568675335+00:00,403,-0.36,22.77,0.55,4.81,0,9.131
2025-07-29 21:32:28.533536541+00:00,404,-0.37,22.77,0.55,4.81,0,9.129
2025-07-29 21:37:28.458173939+00:00,405,-0.37,22.78,0.56,4.81,0,9.126
2025-07-29 21:42:28.406084606+00:00,406,-0.36,22.81,0.55,4.81,0,9.141
2025-07-29 21:47:28.376797650+00:00,407,-0.37,22.72,0.55,4.81,0,9.104
2025-07-29 21:52:28.507798339+00:00,408,-0.36,22.8,0.55,4.81,0,9.133
2025-07-29 21:57:28.357030375+00:00,409,-0.37,22.75,0.55,4.81,0,9.115
2025-07-29 22:02:28.319497921+00:00,410,-0.36,22.8,0.55,4.81,0,9.129
2025-07-29 22:07:28.278437271+00:00,411,-0.39,22.77,0.55,4.81,0,9.115
2025-07-29 22:12:28.244033006+00:00,412,-0.35,22.73,0.55,4.81,0,9.101
2025-07-29 22:17:28.205106804+00:00,413,-0.36,22.79,0.55,4.81,0,9.127
2025-07-29 22:22:28.174029773+00:00,414,-0.36,22.75,0.55,4.81,0,9.112
2025-07-29 22:27:28.136217748+00:00,415,-0.37,22.8,0.55,4.81,0,9.131
2025-07-29 22:32:28.109414574+00:00,416,-0.37,22.82,0.55,4.81,0,9.142
2025-07-29 22:37:28.067755977+00:00,417,-0.38,22.74,0.55,4.81,0,9.111
2025-07-29 22:42:28.029488073+00:00,418,-0.37,22.81,0.55,4.81,0,9.139
2025-07-29 22:47:27.954105012+00:00,419,-0.37,22.7,0.55,4.81,0,9.092
2025-07-29 22:52:27.907718181+00:00,420,-0.37,22.75,0.55,4.81,0,9.117
2025-07-29 22:57:27.874761483+00:00,421,-0.38,22.79,0.55,4.81,0,9.132
2025-07-29 23:02:27.859797860+00:00,422,-0.36,22.74,0.55,4.81,0,9.113
2025-07-29 23:07:27.802805774+00:00,423,-0.38,22.84,0.55,4.81,0,9.151
2025-07-29 23:12:27.821151961+00:00,424,-0.39,22.73,0.55,4.81,0,9.111
2025-07-29 23:17:27.780091843+00:00,425,-0.37,22.79,0.55,4.81,0,9.127
2025-07-29 23:22:27.749550355+00:00,426,-0.37,22.78,0.55,4.81,0,9.123
2025-07-29 23:27:27.706818352+00:00,427,-0.37,22.79,0.55,4.81,0,9.128
2025-07-29 23:32:27.769885065+00:00,428,-0.37,22.78,0.55,4.81,0,9.128
2025-07-29 23:37:27.656561346+00:00,429,-0.37,22.76,0.55,4.81,0,9.121
2025-07-29 23:42:27.603346689+00:00,430,-0.39,22.78,0.56,4.81,0,9.124
2025-07-29 23:47:27.565993069+00:00,431,-0.39,22.73,0.56,4.81,0,9.107
2025-07-29 23:52:27.537033230+00:00,432,-0.38,22.74,0.56,4.81,0,9.11
2025-07-29 23:57:27.500098584+00:00,433,-0.38,22.8,0.56,4.81,0,9.134
