time,fcnt,curDeg,tgtDeg,Ea_motor_mWh,Ei_motor_mWh,E_logic_mWh,E_solar_mWh,LDR_E,LDR_W,Vm_motor,Im_motor,Vm_logic,Im_logic,Vm_solar,Im_solar
2025-07-29 00:02:31.560595254+00:00,154,-90.2,-90,0,0.023,12.83,0,1017,1018,0,0,4.62,33.61,0.39,655.21
2025-07-29 00:07:31.518901666+00:00,155,-90.2,-90,0,0.028,12.83,0,1018,1017,0,0,4.62,33.6,0.39,655.23
2025-07-29 00:17:31.450025633+00:00,157,-90.2,-90,0,0.031,12.8,0,1017,1017,0,0,4.62,33.59,0.39,655.22
2025-07-29 00:22:31.422073101+00:00,158,-90.2,-90,0,0.027,12.84,0,1018,1018,0,0,4.62,33.71,0.39,655.22
2025-07-29 00:27:31.385217967+00:00,159,-90.2,-90,0,0.028,12.8,0,1018,1018,0,0,4.62,33.58,0.39,655.22
2025-07-29 00:32:31.355163247+00:00,160,-90.2,-90,0,0.029,12.84,0,1017,1018,0,0,4.62,33.62,0.39,655.22
2025-07-29 00:37:31.308293109+00:00,161,-90.2,-90,0,0.03,12.79,0,1017,1017,0,0,4.61,33.57,0.39,655.23
2025-07-29 00:42:31.276342005+00:00,162,-90.2,-90,0,0.031,12.85,0,1017,1020,0,0,4.61,33.64,0.39,655.22
2025-07-29 00:47:31.248459661+00:00,163,-90.2,-90,0,0.029,12.8,0,1017,1017,0,0,4.61,33.59,0.39,655.23
2025-07-29 00:52:38.206638492+00:00,164,-90.2,-90,0,0.03,12.85,0,1018,1017,0,0,4.61,33.69,0.39,655.23
2025-07-29 00:57:38.167525228+00:00,165,-90.2,-90,0,0.028,12.79,0,1018,1018,0,0,4.61,33.58,0.39,655.23
2025-07-29 01:02:31.131364920+00:00,166,-90.2,-90,0,0.026,12.85,0,1016,1017,0,0,4.61,33.68,0.39,655.23
2025-07-29 01:07:31.111024121+00:00,167,-90.2,-90,0,0.028,12.77,0,1017,1018,0,0,4.61,33.57,0.39,655.23
2025-07-29 01:12:31.069214132+00:00,168,-90.2,-90,0,0.029,12.81,0,1019,1017,0,0,4.6,33.7,0.39,655.22
2025-07-29 01:17:31.039655864+00:00,169,-90.2,-90,0,0.023,12.81,0,1017,1018,0,0,4.6,33.64,0.39,655.2
2025-07-29 01:22:31.010110107+00:00,170,-90.2,-90,0,0.029,12.75,0,1018,1018,0,0,4.6,33.55,0.39,655.21
2025-07-29 01:27:30.965619113+00:00,171,-90.2,-90,0,0.026,12.79,0,1017,1018,0,0,4.6,33.59,0.39,655.22
2025-07-29 01:32:30.941354491+00:00,172,-90.2,-90,0,0.029,12.75,0,1018,1018,0,0,4.6,33.57,0.39,655.22
2025-07-29 01:37:30.898211399+00:00,173,-90.2,-90,0,0.033,12.78,0,1018,1017,0,0,4.6,33.59,0.39,655.21
2025-07-29 01:42:30.869363046+00:00,174,-90.2,-90,0,0.028,12.78,0,1018,1018,0,0,4.6,33.61,0.39,655.21
2025-07-29 01:47:30.829468950+00:00,175,-90.2,-90,0,0.029,12.73,0,1017,1018,0,0,4.6,33.54,0.39,655.21
2025-07-29 01:52:30.800624648+00:00,176,-90.2,-90,0,0.027,12.77,0,1018,1016,0,0,4.6,33.58,0.39,655.22
2025-07-29 01:57:30.760964653+00:00,177,-90.2,-90,0,0.026,12.75,0,1017,1016,0,0,4.6,33.53,0.39,655.21
2025-07-29 02:02:30.724486396+00:00,178,-90.2,-90,0,0.031,12.74,0,1017,1017,0,0,4.6,33.54,0.39,655.22
2025-07-29 02:12:30.654740719+00:00,180,-90.2,-90,0,0.03,12.85,0,1017,1018,0,0,4.6,33.55,0.39,655.22
2025-07-29 02:22:30.586338214+00:00,182,-90.2,-90,0,0.027,12.83,0,1017,1018,0,0,4.6,33.49,0.39,655.23
2025-07-29 02:27:30.560195737+00:00,183,-90.2,-90,0,0.027,12.86,0,1017,1017,0,0,4.6,33.55,0.39,655.23
2025-07-29 02:32:30.515199548+00:00,184,-90.2,-90,0,0.026,12.81,0,1018,1018,0,0,4.6,33.48,0.39,655.23
2025-07-29 02:37:30.483603863+00:00,185,-90.2,-90,0,0.025,12.86,0,1017,1018,0,0,4.59,33.6,0.39,655.22
2025-07-29 02:42:37.441542933+00:00,186,-90.2,-90,0,0.025,12.86,0,1018,1017,0,0,4.59,33.57,0.39,655.23
2025-07-29 02:47:30.407181164+00:00,187,-90.2,-90,0,0.028,12.81,0,1017,1018,0,0,4.59,33.49,0.39,655.22
2025-07-29 02:52:30.370389656+00:00,188,-90.2,-90,0,0.027,12.84,0,1018,1017,0,0,4.59,33.58,0.39,655.23
2025-07-29 02:57:30.333749678+00:00,189,-90.2,-90,0,0.029,12.85,0,1018,1017,0,0,4.59,33.55,0.4,655.22
2025-07-29 03:02:30.314140526+00:00,190,-90.2,-90,0,0.027,12.81,0,1016,1015,0,0,4.59,33.48,0.4,655.23
2025-07-29 03:07:30.275288520+00:00,191,-90.2,-90,0,0.028,12.84,0,1017,1017,0,0,4.6,33.54,0.4,655.22
2025-07-29 03:12:30.232729788+00:00,192,-90.2,-90,0,0.028,12.84,0,1017,1017,0,0,4.6,33.55,0.41,655.22
2025-07-29 03:17:30.198919162+00:00,193,-90.2,-90,0,0.028,12.83,0,1018,1015,0,0,4.59,33.52,0.42,655.23
2025-07-29 03:27:30.130491475+00:00,195,-90.2,-90,0,0.027,12.81,0,1014,1008,0,0,4.59,33.52,0.47,655.23
2025-07-29 03:32:30.092666646+00:00,196,-90.2,-90,0,0.026,12.81,0,1011,1008,0,0,4.59,33.54,0.52,655.22
2025-07-29 03:37:30.063877471+00:00,197,-90.2,-90,0,0.022,12.76,0,1007,987,0,0,4.59,33.51,0.61,655.21
2025-07-29 03:47:29.996672438+00:00,199,-90.2,-90,0,0.029,12.77,0,972,905,0,0,4.59,33.53,1.11,655.07
2025-07-29 03:52:29.960796089+00:00,200,-90.2,-90,0,0.029,12.75,0,936,826,0,0,4.59,33.53,1.73,655.27
2025-07-29 04:02:29.889086261+00:00,202,-90.2,-90,0,0.026,12.87,0,834,632,0,0,4.59,33.7,3.17,655.27
2025-07-29 04:07:29.870093926+00:00,203,-90.2,-90,0,0.026,12.89,0.02,764,528,0,0,4.59,33.7,3.49,0.09
2025-07-29 04:12:29.818532288+00:00,204,-90.2,-90,0,0.026,12.98,0.1,674,422,0,0,4.62,33.75,3.57,0.36
2025-07-29 04:17:29.793520816+00:00,205,-90.2,-90,0,0.025,13.11,0.19,592,337,0,0,4.64,33.92,3.56,0.65
2025-07-29 04:22:36.748820099+00:00,206,-90.2,-90,0,0.029,13.07,0.21,520,284,0,0,4.63,33.89,3.56,0.74
2025-07-29 04:27:29.721348292+00:00,207,-90.2,-90,0,0.027,13.13,0.29,445,232,0,0,4.63,34.01,3.56,0.99
2025-07-29 04:32:29.691762016+00:00,208,-90.2,-90,0,0.024,13.1,0.5,354,175,0,0,4.63,33.96,3.95,1.53
2025-07-29 04:37:29.654527803+00:00,209,-90.2,-90,0,0.027,13.1,1.11,263,131,0,0,4.62,34.03,4.31,3.1
2025-07-29 04:57:29.510736761+00:00,213,-90.2,-90,0,0.028,13.24,4.32,243,92,0,0,4.66,34.1,4.33,11.95
2025-07-29 05:02:29.483250647+00:00,214,-90.2,-90,0,0.02,13.37,1.53,228,81,0,0,4.7,34.11,4.31,4.23
2025-07-29 05:07:36.542917312+00:00,215,-90.2,-90,0,0.018,13.35,1.7,218,80,0,0,4.7,34.11,4.31,4.7
2025-07-29 05:12:29.409683466+00:00,216,-90.2,-90,0,0.016,13.41,1.81,224,82,0,0,4.7,34.21,4.31,5
2025-07-29 05:17:29.373343023+00:00,217,-90.2,-90,0,0.018,13.34,1.39,228,88,0,0,4.7,34.09,4.31,3.86
2025-07-29 05:22:29.336218495+00:00,218,-90.2,-90,0,0.017,13.4,1.52,220,81,0,0,4.7,34.23,4.31,4.22
2025-07-29 05:27:29.320602395+00:00,219,-90.2,-90,0,0.02,13.3,1.71,226,82,0,0,4.69,34.08,4.31,4.74
2025-07-29 05:32:29.281726690+00:00,220,-90.2,-90,0,0.019,13.31,1.53,244,87,0,0,4.69,34.1,4.31,4.23
2025-07-29 05:37:29.236792575+00:00,221,-90.2,-90,0,0.018,13.32,1.18,280,107,0,0,4.7,34.07,4.31,3.27
2025-07-29 05:42:36.193410290+00:00,222,-90.2,-90,0,0.016,13.32,0.91,288,116,0,0,4.7,34.05,4.3,2.54
2025-07-29 05:47:29.161981733+00:00,223,-90.2,-90,0,0.017,13.31,0.9,279,113,0,0,4.69,34.08,4.3,2.52
2025-07-29 05:52:29.129311880+00:00,224,-90.2,-90,0,0.019,13.29,0.9,295,119,0,0,4.69,34.04,4.3,2.51
2025-07-29 05:57:36.096189493+00:00,225,-90.2,-90,0,0.019,13.31,0.76,278,120,0,0,4.69,34.08,4.3,2.14
2025-07-29 06:07:29.034874241+00:00,227,-90.2,-90,0,0.019,13.42,1.08,240,97,0,0,4.73,34.13,4.31,3.02
2025-07-29 06:12:29.012119446+00:00,228,-90.2,-89.8,0,0.015,13.4,1.19,227,90,0,0,4.72,34.13,4.31,3.31
2025-07-29 06:22:35.923223736+00:00,230,-90.2,-87.8,0,0.017,13.34,1.28,220,88,0,0,4.7,34.11,4.31,3.57
2025-07-29 06:27:35.897158529+00:00,231,-90.2,-86.8,0,0.017,13.44,1.4,225,80,0,0,4.71,34.3,4.31,3.89
2025-07-29 06:32:28.863216179+00:00,232,-90.2,-85.8,0,0.018,13.46,1.34,247,87,0,0,4.72,34.24,4.31,3.73
2025-07-29 06:37:28.826950069+00:00,233,-84.4,-84.8,0.006,0.02,13.28,1.06,263,104,5.06,27.4,4.72,33.89,4.31,2.96
2025-07-29 06:42:28.795756676+00:00,234,-84.4,-83.7,0,0.029,13.15,0.88,264,112,0,0,4.7,33.66,4.3,2.47
2025-07-29 06:47:28.760047063+00:00,235,-84.4,-82.7,0,0.026,13.18,1,227,93,0,0,4.7,33.65,4.31,2.8
2025-07-29 06:52:28.724811207+00:00,236,-84.4,-81.7,0,0.026,13.21,1.4,201,75,0,0,4.69,33.8,4.31,3.88
2025-07-29 07:07:28.625642966+00:00,239,-78.7,-78.5,0.006,0.027,13.35,3.07,133,42,5.04,33.88,4.69,34.21,4.32,8.55
2025-07-29 07:12:35.587940001+00:00,240,-78.7,-77.4,0,0.023,13.4,3.62,126,29,0,0,4.68,34.3,4.32,10.04
2025-07-29 07:22:35.513797865+00:00,242,-78.7,-75.2,0,0.027,13.4,2.98,160,56,0,0,4.69,34.29,4.32,8.3
2025-07-29 07:27:35.417033513+00:00,243,-78.7,-74,0,0.028,13.27,2.29,166,62,0,0,4.67,34.09,4.31,6.43
2025-07-29 07:32:28.380558152+00:00,244,-72.7,-72.9,0.007,0.025,13.36,2.18,146,61,5.04,36.05,4.67,34.28,4.31,6.09
2025-07-29 07:37:42.360938998+00:00,245,-72.7,-71.7,0,0.024,13.26,2.75,134,49,0,0,4.66,34.15,4.32,7.69
2025-07-29 07:42:28.317398678+00:00,246,-72.7,-70.6,0,0.023,13.3,3.29,124,41,0,0,4.65,34.28,4.32,9.14
2025-07-29 07:47:28.288022147+00:00,247,-72.7,-69.4,0,0.021,13.2,3.53,118,39,0,0,4.64,34.14,4.32,9.82
2025-07-29 07:52:35.250595163+00:00,248,-72.7,-68.1,0,0.024,13.25,4.01,105,37,0,0,4.64,34.27,4.33,11.12
2025-07-29 07:57:35.206899043+00:00,249,-66.7,-66.9,0.007,0.03,13.09,4.9,92,34,5.05,39.15,4.64,33.9,4.33,13.56
2025-07-29 08:02:28.170600439+00:00,250,-66.7,-65.7,0,0.032,13.08,5.76,79,23,0,0,4.64,33.83,4.34,15.88
2025-07-29 08:07:28.136522930+00:00,251,-66.7,-64.4,0,0.032,13.02,8.25,65,15,0,0,4.64,33.76,4.36,22.77
2025-07-29 08:12:35.115871219+00:00,252,-66.7,-63.1,0,0.029,12.98,10.35,73,21,0,0,4.64,33.86,4.37,28.67
2025-07-29 08:17:35.079568405+00:00,253,-66.7,-61.8,0,0.031,12.99,7.9,77,24,0,0,4.65,33.84,4.35,21.95
2025-07-29 08:22:28.043794648+00:00,254,-60.4,-60.4,0.006,0.028,13,7,75,21,5.06,29.37,4.65,33.87,4.35,19.49
2025-07-29 08:27:28.005932902+00:00,255,-60.4,-59.1,0,0.027,13.04,7.47,72,22,0,0,4.65,33.84,4.35,20.65
2025-07-29 08:32:34.965604592+00:00,256,-60.4,-57.7,0,0.034,12.98,9.52,65,19,0,0,4.64,33.8,4.37,26.37
2025-07-29 08:52:27.827291365+00:00,260,-54.2,-51.8,0,0.026,13.24,9.94,57,16,0,0,4.67,34.25,4.37,27.48
2025-07-29 08:57:27.794580838+00:00,261,-54.2,-50.3,0,0.027,13.21,11.67,57,15,0,0,4.67,34.19,4.38,32.21
2025-07-29 09:02:27.758332514+00:00,262,-48.2,-48.7,0.006,0.029,13,12.54,56,19,5.07,31.18,4.7,33.38,4.39,34.51
2025-07-29 09:07:41.732297165+00:00,263,-48.2,-47.1,0,0.023,12,12.67,52,17,0,0,4.69,30.85,4.39,34.88
2025-07-29 09:12:34.686985351+00:00,264,-48.2,-45.5,0,0.028,11.89,12.41,52,19,0,0,4.66,30.83,4.38,34.21
2025-07-29 09:17:41.664207966+00:00,265,-48.2,-43.8,0,0.03,12.14,13.85,52,20,0,0,4.71,31.12,4.39,38.06
2025-07-29 09:22:27.617668637+00:00,266,-42.4,-42.1,0.006,0.026,12.96,13.41,39,10,5.04,37,4.73,33.04,4.39,36.86
2025-07-29 09:27:34.577395272+00:00,267,-42.4,-40.4,0,0.029,13.43,14.5,45,16,0,0,4.73,34.25,4.4,39.8
2025-07-29 09:32:34.553452070+00:00,268,-42.4,-38.6,0,0.03,13.39,16.36,38,11,0,0,4.72,34.23,4.41,44.8
2025-07-29 09:37:27.514742044+00:00,269,-36.4,-36.8,0.007,0.03,13.32,16.29,39,12,5.06,38.78,4.71,34.13,4.41,44.61
2025-07-29 09:42:34.483007907+00:00,270,-36.4,-35,0,0.029,13.15,14.66,40,12,0,0,4.7,33.82,4.4,40.32
2025-07-29 09:47:34.577597477+00:00,271,-36.4,-33.1,0,0.031,13.25,17.35,32,7,0,0,4.7,34.02,4.41,47.46
2025-07-29 09:52:34.408311786+00:00,272,-30.4,-31.2,0.007,0.027,13.16,16.17,31,209,5.05,36.02,4.7,33.78,4.4,44.33
2025-07-29 09:57:27.376899002+00:00,273,-30.4,-29.3,0,0.029,13.19,17.92,33,14,0,0,4.72,33.77,4.41,49.01
2025-07-29 10:02:27.338726371+00:00,274,-30.4,-27.3,0,0.028,13.23,18.6,28,64,0,0,4.72,33.83,4.42,50.8
2025-07-29 10:07:34.311394351+00:00,275,-24.2,-25.4,0.006,0.027,13.26,18.64,30,1020,5.05,34.57,4.72,33.87,4.42,50.85
2025-07-29 10:12:27.274078360+00:00,276,-24.2,-23.3,0,0.032,13.2,18.32,29,1019,0,0,4.72,33.66,4.42,50
2025-07-29 10:17:27.296291423+00:00,277,-24.2,-21.3,0,0.028,13.24,19.47,27,1019,0,0,4.73,33.7,4.42,53.04
2025-07-29 10:22:34.212374510+00:00,278,-18.2,-19.2,0.006,0.029,13.26,19.02,28,9,5.06,29.02,4.74,33.75,4.42,51.85
2025-07-29 10:32:27.142455884+00:00,280,-18.2,-15,0,0.03,13.48,21.86,19,2,0,0,4.72,34.42,4.44,59.36
2025-07-29 10:37:27.112429432+00:00,281,-12.4,-12.8,0.006,0.03,13.16,23.78,26,1020,5.06,33.45,4.72,33.63,4.45,64.4
2025-07-29 10:42:34.098975121+00:00,282,-12.4,-10.7,0,0.026,11.87,26.74,16,1020,0,0,4.72,30.3,4.47,72.1
2025-07-29 10:47:34.045943217+00:00,283,-12.4,-8.5,0,0.024,11.98,26.53,26,1020,0,0,4.75,30.38,4.47,71.56
2025-07-29 10:52:27.023790090+00:00,284,-6.4,-6.3,0.007,0.027,12.82,21.58,23,7,5.06,31.62,4.75,32.51,4.44,58.6
2025-07-29 10:57:26.979278989+00:00,285,-6.4,-4.1,0,0.029,13.62,20.24,13,4,0,0,4.77,34.43,4.43,55.08
2025-07-29 11:07:33.919943293+00:00,287,-0.4,0.3,0.006,0.028,12.54,20.57,20,10,5.05,35.02,4.78,31.64,4.43,55.98
2025-07-29 11:12:26.884253054+00:00,288,-0.4,2.6,0,0.024,12.29,21.28,20,11,0,0,4.78,30.98,4.43,57.85
2025-07-29 11:17:26.850589058+00:00,289,5.8,4.8,0.008,0.028,12.35,26.13,15,8,5.05,36.78,4.78,31.08,4.46,70.46
2025-07-29 11:22:33.821628685+00:00,290,5.8,7,0,0.03,12.13,20.63,16,8,0,0,4.78,30.56,4.43,56.17
2025-07-29 11:27:26.927555995+00:00,291,5.8,9.1,0,0.026,12.13,24.76,17,7,0,0,4.78,30.56,4.45,67.01
2025-07-29 11:32:33.810418746+00:00,292,12.2,11.3,0.005,0.026,12.47,33.74,3,0,5.05,32.84,4.78,31.42,4.5,90.27
2025-07-29 11:37:33.722582554+00:00,293,12.2,13.5,0,0.027,13.48,39.41,6,2,0,0,4.78,33.98,4.53,104.71
2025-07-29 11:42:26.690023311+00:00,294,12.2,15.6,0,0.025,13.54,28.54,1,0,0,0,4.76,34.19,4.47,76.83
2025-07-29 11:47:26.647192540+00:00,295,18.7,17.7,0.005,0.024,13.1,22.58,12,9,5.05,30.93,4.76,33.14,4.43,61.33
2025-07-29 12:02:33.671771473+00:00,298,24.9,24,0.006,0.026,12.2,17.72,21,15,5.07,32.72,4.76,30.82,4.41,48.39
2025-07-29 12:12:26.488451638+00:00,300,24.9,28,0,0.028,12.27,18.26,21,20,0,0,4.77,31.01,4.41,49.89
2025-07-29 12:17:26.461244315+00:00,301,31.1,29.9,0.006,0.026,12.33,14.18,19,33,5.06,31.37,4.77,31.18,4.38,38.96
2025-07-29 12:22:26.422048761+00:00,302,31.1,31.8,0,0.029,13.39,12.39,18,55,0,0,4.76,33.96,4.37,34.2
2025-07-29 12:27:26.400031870+00:00,303,31.1,33.7,0,0.033,13.37,10.09,27,29,0,0,4.76,33.93,4.36,27.95
2025-07-29 12:32:26.358857063+00:00,304,31.1,35.6,0,0.029,13.39,9.02,23,24,0,0,4.75,34,4.35,25.05
2025-07-29 12:37:26.347354943+00:00,305,37.6,37.4,0.005,0.031,13.42,9.83,19,18,5.04,33.98,4.75,34.1,4.36,27.22
2025-07-29 12:47:26.258037708+00:00,307,37.6,40.9,0,0.03,13.41,17.87,12,9,0,0,4.75,34.1,4.4,48.96
2025-07-29 12:52:26.225414285+00:00,308,43.8,42.6,0.005,0.029,13.35,15.64,20,93,5.05,35.55,4.75,33.94,4.39,42.99
2025-07-29 12:57:26.193159401+00:00,309,43.8,44.3,0,0.028,12.25,10.82,30,147,0,0,4.75,31.14,4.36,29.92
2025-07-29 13:02:26.159684779+00:00,310,43.8,46,0,0.025,12.22,10.33,23,54,0,0,4.75,31.08,4.36,28.6
2025-07-29 13:07:26.134571783+00:00,311,43.8,47.6,0,0.028,12.22,9.18,34,94,0,0,4.74,31.11,4.35,25.44
2025-07-29 13:12:26.100458362+00:00,312,50.2,49.2,0.007,0.027,12.15,8.92,29,1018,5.05,39.39,4.74,30.94,4.35,24.76
2025-07-29 13:17:33.061957556+00:00,313,50.2,50.7,0,0.031,11.94,9.05,29,1020,0,0,4.74,30.4,4.35,25.11
2025-07-29 13:22:26.031659386+00:00,314,50.2,52.3,0,0.026,11.96,7.2,38,1020,0,0,4.75,30.39,4.34,20.07
2025-07-29 13:27:26.000495106+00:00,315,50.2,53.8,0,0.027,11.97,7.5,28,1020,0,0,4.76,30.38,4.34,20.86
2025-07-29 13:37:25.927414303+00:00,317,56.9,56.7,0,0.028,13.57,8.32,27,159,0,0,4.75,34.47,4.35,23.13
2025-07-29 13:52:25.832959228+00:00,320,56.9,60.8,0,0.028,13.6,10.79,25,74,0,0,4.76,34.52,4.36,29.83
2025-07-29 13:57:25.790822327+00:00,321,62.9,62.2,0.004,0.028,13.13,8.81,30,1020,5.05,28.93,4.76,33.44,4.35,24.55
2025-07-29 14:02:32.764069305+00:00,322,62.9,63.5,0,0.028,11.91,6.18,42,1020,0,0,4.76,30.31,4.34,17.29
2025-07-29 14:07:32.728413155+00:00,323,62.9,64.8,0,0.027,11.92,5.52,44,1020,0,0,4.76,30.28,4.33,15.42
2025-07-29 14:12:25.696551465+00:00,324,62.9,66,0,0.027,12.04,5.12,46,1020,0,0,4.76,30.33,4.33,14.15
2025-07-29 14:17:25.660443548+00:00,325,62.9,67.3,0,0.028,11.97,6.27,38,1020,0,0,4.76,30.21,4.34,17.38
2025-07-29 14:22:32.624933045+00:00,326,68.9,68.5,0.005,0.025,12.12,5.97,41,1020,5.06,27.4,4.76,30.55,4.33,16.51
2025-07-29 14:27:32.588272912+00:00,327,68.9,69.7,0,0.026,12.13,5.45,39,1020,0,0,4.75,30.64,4.33,15.11
2025-07-29 14:32:25.551782299+00:00,328,68.9,70.9,0,0.028,12.14,6.92,33,1019,0,0,4.75,30.7,4.34,19.17
2025-07-29 14:37:25.522813515+00:00,329,68.9,72.1,0,0.024,12.15,6.41,38,1019,0,0,4.75,30.73,4.34,17.8
2025-07-29 14:47:25.455461732+00:00,331,74.9,74.4,0.007,0.026,12.76,5.6,42,1019,5.06,36.94,4.74,32.27,4.33,15.5
2025-07-29 14:52:32.421765253+00:00,332,74.9,75.5,0,0.028,13.43,4.65,49,1019,0,0,4.73,34.04,4.33,12.87
2025-07-29 14:57:25.395945851+00:00,333,74.9,76.6,0,0.031,13.47,4.39,49,1020,0,0,4.73,34.12,4.33,12.13
2025-07-29 15:07:32.320429895+00:00,335,74.9,78.8,0,0.032,13.35,5.61,48,1019,0,0,4.72,33.97,4.33,15.57
2025-07-29 15:12:25.283722037+00:00,336,74.9,79.9,0,0.029,13.39,3.4,66,1019,0,0,4.72,34.06,4.32,9.44
2025-07-29 15:17:25.243460343+00:00,337,80.7,80.9,0.007,0.028,12.04,3.23,54,1020,5.06,34.27,4.72,30.64,4.32,9
2025-07-29 15:22:32.295286021+00:00,338,80.7,82,0,0.03,12.09,4.11,59,1020,0,0,4.73,30.69,4.32,11.38
2025-07-29 15:27:25.180544367+00:00,339,80.7,83,0,0.03,12.08,4.06,51,1019,0,0,4.73,30.65,4.32,11.27
2025-07-29 15:32:25.145036748+00:00,340,80.7,84.1,0,0.027,12.12,4.03,56,1019,0,0,4.73,30.75,4.32,11.19
2025-07-29 15:42:32.085502575+00:00,342,86.2,86.1,0.007,0.028,12.11,2.41,88,1019,5.05,35.88,4.74,30.74,4.31,6.74
2025-07-29 15:47:25.114600301+00:00,343,86.2,87.1,0,0.021,12.07,2.31,86,1020,0,0,4.74,30.65,4.31,6.48
2025-07-29 15:52:32.008814322+00:00,344,86.2,88.1,0,0.029,12.12,2.73,72,1019,0,0,4.74,30.73,4.32,7.62
2025-07-29 15:57:31.976561018+00:00,345,86.2,89.1,0,0.028,12.08,4.91,39,1019,0,0,4.74,30.62,4.33,13.64
2025-07-29 16:02:31.933442870+00:00,346,86.2,90,0,0.03,12.08,6.38,0,1019,0,0,4.74,30.65,4.34,17.74
2025-07-29 16:12:31.942904984+00:00,348,86.2,90,0,0.032,12.14,5.81,43,1020,0,0,4.74,30.79,4.33,16.12
2025-07-29 16:22:31.803709640+00:00,350,86.2,90,0,0.025,12.06,3.75,63,1020,0,0,4.74,30.6,4.32,10.4
2025-07-29 16:27:31.771203637+00:00,351,86.2,90,0,0.031,12.07,4.21,48,1020,0,0,4.74,30.63,4.32,11.68
2025-07-29 16:32:31.788865668+00:00,352,86.2,90,0,0.029,12.08,4.87,55,1020,0,0,4.74,30.63,4.33,13.49
2025-07-29 16:37:24.699343805+00:00,353,86.2,90,0,0.029,12.09,4.34,59,1020,0,0,4.74,30.66,4.32,12.02
2025-07-29 16:42:31.669097677+00:00,354,86.2,90,0,0.028,12.08,5.01,46,1020,0,0,4.74,30.66,4.33,13.88
2025-07-29 16:57:24.572362697+00:00,357,86.2,90,0,0.031,12.11,2.73,80,1018,0,0,4.73,30.7,4.32,7.58
2025-07-29 17:02:31.538221638+00:00,358,86.2,90,0,0.029,12.05,2.03,111,1020,0,0,4.73,30.6,4.31,5.66
2025-07-29 17:07:31.505294085+00:00,359,86.2,90,0,0.028,12.11,1.51,119,1019,0,0,4.73,30.69,4.31,4.19
2025-07-29 17:12:24.468484269+00:00,360,86.2,90,0,0.03,12.06,1.19,138,1018,0,0,4.73,30.62,4.31,3.33
2025-07-29 17:17:24.435025774+00:00,361,86.2,90,0,0.028,12.03,0.94,161,1019,0,0,4.73,30.57,4.3,2.63
2025-07-29 17:22:24.398668641+00:00,362,86.2,90,0,0.027,12.03,0.8,166,1020,0,0,4.72,30.64,4.3,2.26
2025-07-29 17:27:31.374632721+00:00,363,86.2,90,0,0.026,11.99,0.78,160,1020,0,0,4.7,30.62,4.3,2.19
2025-07-29 17:32:24.341164739+00:00,364,86.2,90,0,0.03,11.98,0.88,170,1019,0,0,4.7,30.62,4.3,2.45
2025-07-29 17:37:24.306257207+00:00,365,86.2,90,0,0.028,11.99,0.69,182,1020,0,0,4.69,30.62,4.3,1.93
2025-07-29 17:42:31.271623709+00:00,366,86.2,90,0,0.025,11.94,0.6,195,1020,0,0,4.69,30.56,4.28,1.66
2025-07-29 17:47:31.232705362+00:00,367,86.2,90,0,0.029,11.93,0.58,200,1019,0,0,4.7,30.52,4.26,1.61
2025-07-29 17:52:24.206502821+00:00,368,86.2,90,0,0.027,11.98,0.41,232,1019,0,0,4.69,30.6,3.76,1.34
2025-07-29 17:57:24.165719521+00:00,369,86.2,90,0,0.028,11.92,0.29,266,1019,0,0,4.69,30.52,3.64,1
2025-07-29 18:02:31.142721752+00:00,370,86.2,90,0,0.031,11.97,0.26,287,1019,0,0,4.68,30.69,3.64,0.86
2025-07-29 18:07:31.113358494+00:00,371,86.2,90,0,0.027,11.94,0.24,294,1022,0,0,4.68,30.58,3.64,0.79
2025-07-29 18:12:24.072706152+00:00,372,86.2,90,0,0.028,11.9,0.22,294,1020,0,0,4.68,30.52,3.64,0.76
2025-07-29 18:17:24.045577120+00:00,373,-90.2,-90,0.195,0.028,11.74,0.29,386,164,5.05,33.18,4.67,30.73,3.64,1.04
2025-07-29 18:22:31.006168037+00:00,374,-90.2,-90,0,0.031,11.9,0.31,372,154,0,0,4.67,30.76,3.64,1.1
2025-07-29 18:27:30.969466921+00:00,375,-90.2,-90,0,0.031,11.92,0.38,361,135,0,0,4.66,30.84,3.65,1.26
2025-07-29 18:37:23.903000621+00:00,377,-90.2,-90,0,0.025,11.92,0.46,342,135,0,0,4.67,30.77,3.87,1.44
2025-07-29 18:47:23.829547064+00:00,379,-90.2,-90,0,0.033,12.12,0.44,353,142,0,0,4.73,30.8,3.74,1.41
2025-07-29 18:52:30.797751070+00:00,380,-90.2,-90,0,0.031,12.18,0.44,350,140,0,0,4.73,30.94,3.79,1.43
2025-07-29 18:57:23.766473311+00:00,381,-90.2,-90,0,0.031,12.16,0.45,354,139,0,0,4.73,30.88,3.83,1.43
2025-07-29 19:02:30.726834859+00:00,382,-90.2,-90,0,0.035,12.15,0.39,383,156,0,0,4.73,30.87,3.66,1.29
2025-07-29 19:07:23.705444110+00:00,383,-90.2,-90,0,0.028,12.12,0.3,434,185,0,0,4.72,30.85,3.64,1.01
2025-07-29 19:12:30.665772128+00:00,384,-90.2,-90,0,0.027,12.1,0.2,486,217,0,0,4.71,30.84,3.63,0.7
2025-07-29 19:17:30.630885882+00:00,385,-90.2,-90,0,0.035,12.01,0.12,542,269,0,0,4.7,30.71,3.65,0.41
2025-07-29 19:22:23.598937681+00:00,386,-90.2,-90,0,0.029,12.08,0.08,563,290,0,0,4.7,30.89,3.64,0.26
2025-07-29 19:27:23.560746850+00:00,387,-90.2,-90,0,0.031,12.06,0.08,547,271,0,0,4.69,30.8,3.64,0.27
2025-07-29 19:32:30.531642889+00:00,388,-90.2,-90,0,0.03,11.99,0.09,570,283,0,0,4.7,30.67,3.65,0.3
2025-07-29 19:37:23.494912710+00:00,389,-90.2,-90,0,0.029,12.06,0.04,624,338,0,0,4.7,30.78,3.61,0.16
2025-07-29 19:47:23.418807700+00:00,391,-90.2,-90,0,0.031,11.97,0,705,412,0,0,4.71,30.57,3.52,0
2025-07-29 19:52:23.384215242+00:00,392,-90.2,-90,0,0.032,12.02,0,766,477,0,0,4.71,30.64,3.4,655.32
2025-07-29 19:57:23.352188108+00:00,393,-90.2,-90,0,0.033,11.95,0,841,586,0,0,4.7,30.51,3.21,655.25
2025-07-29 20:02:23.317998857+00:00,394,-90.2,-90,0,0.033,11.96,0,900,701,0,0,4.7,30.52,2.75,655.22
2025-07-29 20:12:23.248790335+00:00,396,-90.2,-90,0,0.029,11.81,0,969,878,0,0,4.7,30.38,1.52,655.2
2025-07-29 20:17:30.227257092+00:00,397,-90.2,-90,0,0.033,11.81,0,992,942,0,0,4.7,30.36,1.09,655.07
2025-07-29 20:27:23.149224036+00:00,399,-90.2,-90,0,0.031,11.83,0,1006,990,0,0,4.7,30.4,0.62,655.22
2025-07-29 20:32:30.120551538+00:00,400,-90.2,-90,0,0.034,11.78,0,1010,1001,0,0,4.7,30.34,0.54,655.26
2025-07-29 20:37:30.091693200+00:00,401,-90.2,-90,0,0.029,11.77,0,1013,1008,0,0,4.69,30.32,0.48,655.25
2025-07-29 20:42:23.059383521+00:00,402,-90.2,-90,0,0.028,11.74,0,1015,1012,0,0,4.68,30.31,0.44,655.25
2025-07-29 20:47:30.030816280+00:00,403,-90.2,-90,0,0.032,11.68,0,1015,1013,0,0,4.67,30.3,0.42,655.25
2025-07-29 20:52:22.989768170+00:00,404,-90.2,-90,0,0.031,11.75,0,1014,1014,0,0,4.67,30.4,0.41,655.24
2025-07-29 20:57:22.951432940+00:00,405,-90.2,-90,0,0.034,11.66,0,1015,1014,0,0,4.66,30.28,0.4,655.23
2025-07-29 21:02:29.920467105+00:00,406,-90.2,-90,0,0.031,11.65,0,1016,1017,0,0,4.65,30.33,0.4,655.23
2025-07-29 21:07:29.903671829+00:00,407,-90.2,-90,0,0.036,11.58,0,1016,1016,0,0,4.63,30.3,0.4,655.24
2025-07-29 21:12:22.864856520+00:00,408,-90.2,-90,0,0.029,11.77,0,1015,1017,0,0,4.69,30.37,0.39,655.25
2025-07-29 21:17:22.823371267+00:00,409,-90.2,-90,0,0.029,11.78,0,1017,1017,0,0,4.7,30.3,0.4,655.26
2025-07-29 21:22:29.799929148+00:00,410,-90.2,-90,0,0.029,11.78,0,1016,1016,0,0,4.71,30.28,0.39,655.24
2025-07-29 21:27:29.753371881+00:00,411,-90.2,-90,0,0.029,11.86,0,1015,1016,0,0,4.72,30.4,0.4,655.22
2025-07-29 21:32:29.717153799+00:00,412,-90.2,-90,0,0.032,11.84,0,1016,1016,0,0,4.72,30.33,0.4,655.24
2025-07-29 21:37:22.691559143+00:00,413,-90.2,-90,0,0.028,11.84,0,1016,1016,0,0,4.72,30.36,0.4,655.23
2025-07-29 21:42:29.666756120+00:00,414,-90.2,-90,0,0.029,11.88,0,1016,1017,0,0,4.73,30.4,0.4,655.24
2025-07-29 21:47:29.607717848+00:00,415,-90.2,-90,0,0.03,11.89,0,1016,1017,0,0,4.73,30.41,0.4,655.23
2025-07-29 22:02:22.512810523+00:00,418,-90.2,-90,0,0.028,11.94,0,1015,1017,0,0,4.75,30.41,0.4,655.24
2025-07-29 22:07:29.479520642+00:00,419,-90.2,-90,0,0.026,11.92,0,1023,1015,0,0,4.74,30.42,0.4,655.23
2025-07-29 22:12:36.460564896+00:00,420,-90.2,-90,0,0.028,11.92,0,1016,1016,0,0,4.73,30.45,0.4,655.23
2025-07-29 22:17:22.412247307+00:00,421,-90.2,-90,0,0.026,11.94,0,1016,1016,0,0,4.74,30.45,0.4,655.25
2025-07-29 22:22:29.378565705+00:00,422,-90.2,-90,0,0.027,11.93,0,1016,1016,0,0,4.74,30.42,0.4,655.23
2025-07-29 22:27:29.347258295+00:00,423,-90.2,-90,0,0.025,11.94,0,1016,1017,0,0,4.74,30.45,0.4,655.23
2025-07-29 22:32:22.312067411+00:00,424,-90.2,-90,0,0.026,11.95,0,1017,1017,0,0,4.74,30.49,0.4,655.23
2025-07-29 22:37:22.275451020+00:00,425,-90.2,-90,0,0.025,11.94,0,1016,1016,0,0,4.74,30.48,0.4,655.24
2025-07-29 22:42:22.241097465+00:00,426,-90.2,-90,0,0.021,11.92,0,1016,1016,0,0,4.74,30.43,0.4,655.24
2025-07-29 22:47:29.215984966+00:00,427,-90.2,-90,0,0.026,11.95,0,1017,1018,0,0,4.75,30.45,0.4,655.23
2025-07-29 22:52:22.181616355+00:00,428,-90.2,-90,0,0.024,11.97,0,1016,1017,0,0,4.75,30.46,0.4,655.23
2025-07-29 22:57:29.153213438+00:00,429,-90.2,-90,0,0.024,12,0,1017,1016,0,0,4.75,30.51,0.4,655.23
2025-07-29 23:02:22.114349911+00:00,430,-90.2,-90,0,0.027,12,0,1017,1016,0,0,4.75,30.51,0.4,655.23
2025-07-29 23:12:26.471283107+00:00,0,-90,-90,0,0.027,14.96,0,1016,1017,0,0,4.73,41.17,0.4,655.23
2025-07-29 23:22:26.320497968+00:00,2,-90,-90,0,0.03,16.42,0,1016,1017,0,0,4.73,41.98,0.4,655.22
2025-07-29 23:27:24.669832419+00:00,3,-90,-90,0,0.028,16.45,0,1016,1017,0,0,4.72,42.09,0.4,655.22
2025-07-29 23:32:24.376823136+00:00,4,-90,-90,0,0.025,16.46,0,1014,1016,0,0,4.73,42.1,0.41,655.22
2025-07-29 23:37:24.364295306+00:00,5,-90,-90,0,0.032,16.57,0,1016,1017,0,0,4.73,42.38,0.41,655.21
2025-07-29 23:42:24.403212374+00:00,6,-90,-90,0,0.036,16.3,0,1015,1017,0,0,4.73,41.67,0.41,655.23
2025-07-29 23:47:24.397735053+00:00,7,-90,-90,0,0.035,16.52,0,1016,1017,0,0,4.72,42.29,0.41,655.22
2025-07-29 23:52:24.248814547+00:00,8,-90,-90,0,0.037,16.55,0,1015,1017,0,0,4.73,42.32,0.41,655.23
2025-07-29 23:57:24.264931659+00:00,9,-90,-90,0,0.034,16.63,0,1017,1016,0,0,4.73,42.49,0.41,655.24
,,,,0.361,6.771,3130.19,1162.03,,,,,,,,
,,,,,7.132,,,,,,,,,,
